<annotation>
	<folder>vehicle_saugata</folder>
	<filename>302362061_1.png</filename>
	<path>/home/developer/Desktop/vehicle_saugata/302362061_1.png</path>
	<source>
		<database>Unknown</database>
	</source>
	<size>
		<width>2564</width>
		<height>3292</height>
		<depth>3</depth>
	</size>
	<segmented>0</segmented>
	<object>
		<name>person1</name>
		<pose>Unspecified</pose>
		<truncated>0</truncated>
		<difficult>0</difficult>
		<bndbox>
			<xmin>118</xmin>
			<ymin>2702</ymin>
			<xmax>260</xmax>
			<ymax>2809</ymax>
		</bndbox>
	</object>
	<object>
		<name>person2</name>
		<pose>Unspecified</pose>
		<truncated>0</truncated>
		<difficult>0</difficult>
		<bndbox>
			<xmin>119</xmin>
			<ymin>2811</ymin>
			<xmax>263</xmax>
			<ymax>2920</ymax>
		</bndbox>
	</object>
	<object>
		<name>person3</name>
		<pose>Unspecified</pose>
		<truncated>0</truncated>
		<difficult>0</difficult>
		<bndbox>
			<xmin>120</xmin>
			<ymin>2920</ymin>
			<xmax>263</xmax>
			<ymax>3028</ymax>
		</bndbox>
	</object>
	<object>
		<name>violator_name1</name>
		<pose>Unspecified</pose>
		<truncated>0</truncated>
		<difficult>0</difficult>
		<bndbox>
			<xmin>263</xmin>
			<ymin>2700</ymin>
			<xmax>956</xmax>
			<ymax>2811</ymax>
		</bndbox>
	</object>
	<object>
		<name>violator_name2</name>
		<pose>Unspecified</pose>
		<truncated>0</truncated>
		<difficult>0</difficult>
		<bndbox>
			<xmin>262</xmin>
			<ymin>2812</ymin>
			<xmax>957</xmax>
			<ymax>2918</ymax>
		</bndbox>
	</object>
	<object>
		<name>violator_name3</name>
		<pose>Unspecified</pose>
		<truncated>0</truncated>
		<difficult>0</difficult>
		<bndbox>
			<xmin>262</xmin>
			<ymin>2921</ymin>
			<xmax>956</xmax>
			<ymax>3030</ymax>
		</bndbox>
	</object>
	<object>
		<name>fl_statute_no1</name>
		<pose>Unspecified</pose>
		<truncated>0</truncated>
		<difficult>0</difficult>
		<bndbox>
			<xmin>959</xmin>
			<ymin>2700</ymin>
			<xmax>1427</xmax>
			<ymax>2808</ymax>
		</bndbox>
	</object>
	<object>
		<name>fl_statute_no2</name>
		<pose>Unspecified</pose>
		<truncated>0</truncated>
		<difficult>0</difficult>
		<bndbox>
			<xmin>956</xmin>
			<ymin>2810</ymin>
			<xmax>1426</xmax>
			<ymax>2920</ymax>
		</bndbox>
	</object>
	<object>
		<name>fl_statute_no3</name>
		<pose>Unspecified</pose>
		<truncated>0</truncated>
		<difficult>0</difficult>
		<bndbox>
			<xmin>957</xmin>
			<ymin>2920</ymin>
			<xmax>1426</xmax>
			<ymax>3030</ymax>
		</bndbox>
	</object>
	<object>
		<name>charge1</name>
		<pose>Unspecified</pose>
		<truncated>0</truncated>
		<difficult>0</difficult>
		<bndbox>
			<xmin>1426</xmin>
			<ymin>2699</ymin>
			<xmax>2081</xmax>
			<ymax>2804</ymax>
		</bndbox>
	</object>
	<object>
		<name>charge2</name>
		<pose>Unspecified</pose>
		<truncated>0</truncated>
		<difficult>0</difficult>
		<bndbox>
			<xmin>1427</xmin>
			<ymin>2804</ymin>
			<xmax>2080</xmax>
			<ymax>2914</ymax>
		</bndbox>
	</object>
	<object>
		<name>charge3</name>
		<pose>Unspecified</pose>
		<truncated>0</truncated>
		<difficult>0</difficult>
		<bndbox>
			<xmin>1426</xmin>
			<ymin>2917</ymin>
			<xmax>2082</xmax>
			<ymax>3024</ymax>
		</bndbox>
	</object>
	<object>
		<name>citation_no1</name>
		<pose>Unspecified</pose>
		<truncated>0</truncated>
		<difficult>0</difficult>
		<bndbox>
			<xmin>2078</xmin>
			<ymin>2696</ymin>
			<xmax>2443</xmax>
			<ymax>2801</ymax>
		</bndbox>
	</object>
	<object>
		<name>citation_no2</name>
		<pose>Unspecified</pose>
		<truncated>0</truncated>
		<difficult>0</difficult>
		<bndbox>
			<xmin>2082</xmin>
			<ymin>2806</ymin>
			<xmax>2446</xmax>
			<ymax>2911</ymax>
		</bndbox>
	</object>
	<object>
		<name>citation_no3</name>
		<pose>Unspecified</pose>
		<truncated>0</truncated>
		<difficult>0</difficult>
		<bndbox>
			<xmin>2081</xmin>
			<ymin>2915</ymin>
			<xmax>2444</xmax>
			<ymax>3020</ymax>
		</bndbox>
	</object>
	<object>
		<name>defects1</name>
		<pose>Unspecified</pose>
		<truncated>0</truncated>
		<difficult>0</difficult>
		<bndbox>
			<xmin>2022</xmin>
			<ymin>2289</ymin>
			<xmax>2108</xmax>
			<ymax>2376</ymax>
		</bndbox>
	</object>
	<object>
		<name>defects2</name>
		<pose>Unspecified</pose>
		<truncated>0</truncated>
		<difficult>0</difficult>
		<bndbox>
			<xmin>2244</xmin>
			<ymin>2257</ymin>
			<xmax>2329</xmax>
			<ymax>2347</ymax>
		</bndbox>
	</object>
	<object>
		<name>traffic_control_device</name>
		<pose>Unspecified</pose>
		<truncated>0</truncated>
		<difficult>0</difficult>
		<bndbox>
			<xmin>1520</xmin>
			<ymin>2299</ymin>
			<xmax>1608</xmax>
			<ymax>2388</ymax>
		</bndbox>
	</object>
	<object>
		<name>vehicle_maneuver_action</name>
		<pose>Unspecified</pose>
		<truncated>0</truncated>
		<difficult>0</difficult>
		<bndbox>
			<xmin>823</xmin>
			<ymin>2300</ymin>
			<xmax>909</xmax>
			<ymax>2390</ymax>
		</bndbox>
	</object>
	<object>
		<name>roadway_alignment</name>
		<pose>Unspecified</pose>
		<truncated>0</truncated>
		<difficult>0</difficult>
		<bndbox>
			<xmin>476</xmin>
			<ymin>2381</ymin>
			<xmax>568</xmax>
			<ymax>2472</ymax>
		</bndbox>
	</object>
	<object>
		<name>special_func_motor</name>
		<pose>Unspecified</pose>
		<truncated>0</truncated>
		<difficult>0</difficult>
		<bndbox>
			<xmin>147</xmin>
			<ymin>2520</ymin>
			<xmax>232</xmax>
			<ymax>2611</ymax>
		</bndbox>
	</object>
	<object>
		<name>roadway_grade</name>
		<pose>Unspecified</pose>
		<truncated>0</truncated>
		<difficult>0</difficult>
		<bndbox>
			<xmin>153</xmin>
			<ymin>2352</ymin>
			<xmax>241</xmax>
			<ymax>2443</ymax>
		</bndbox>
	</object>
	<object>
		<name>most_harmful_event</name>
		<pose>Unspecified</pose>
		<truncated>0</truncated>
		<difficult>0</difficult>
		<bndbox>
			<xmin>225</xmin>
			<ymin>1874</ymin>
			<xmax>314</xmax>
			<ymax>1966</ymax>
		</bndbox>
	</object>
	<object>
		<name>seq_of_events1</name>
		<pose>Unspecified</pose>
		<truncated>0</truncated>
		<difficult>0</difficult>
		<bndbox>
			<xmin>148</xmin>
			<ymin>2051</ymin>
			<xmax>236</xmax>
			<ymax>2141</ymax>
		</bndbox>
	</object>
	<object>
		<name>seq_of_events2</name>
		<pose>Unspecified</pose>
		<truncated>0</truncated>
		<difficult>0</difficult>
		<bndbox>
			<xmin>311</xmin>
			<ymin>2053</ymin>
			<xmax>401</xmax>
			<ymax>2143</ymax>
		</bndbox>
	</object>
	<object>
		<name>seq_of_events3</name>
		<pose>Unspecified</pose>
		<truncated>0</truncated>
		<difficult>0</difficult>
		<bndbox>
			<xmin>148</xmin>
			<ymin>2177</ymin>
			<xmax>237</xmax>
			<ymax>2267</ymax>
		</bndbox>
	</object>
	<object>
		<name>seq_of_events4</name>
		<pose>Unspecified</pose>
		<truncated>0</truncated>
		<difficult>0</difficult>
		<bndbox>
			<xmin>312</xmin>
			<ymin>2178</ymin>
			<xmax>398</xmax>
			<ymax>2270</ymax>
		</bndbox>
	</object>
	<object>
		<name>comm_noncomm</name>
		<pose>Unspecified</pose>
		<truncated>0</truncated>
		<difficult>0</difficult>
		<bndbox>
			<xmin>223</xmin>
			<ymin>1700</ymin>
			<xmax>313</xmax>
			<ymax>1793</ymax>
		</bndbox>
	</object>
	<object>
		<name>trailer_type1</name>
		<pose>Unspecified</pose>
		<truncated>0</truncated>
		<difficult>0</difficult>
		<bndbox>
			<xmin>939</xmin>
			<ymin>1623</ymin>
			<xmax>1026</xmax>
			<ymax>1713</ymax>
		</bndbox>
	</object>
	<object>
		<name>trailer_type2</name>
		<pose>Unspecified</pose>
		<truncated>0</truncated>
		<difficult>0</difficult>
		<bndbox>
			<xmin>1085</xmin>
			<ymin>1621</ymin>
			<xmax>1174</xmax>
			<ymax>1711</ymax>
		</bndbox>
	</object>
	<object>
		<name>comm_GVWR_GCWR</name>
		<pose>Unspecified</pose>
		<truncated>0</truncated>
		<difficult>0</difficult>
		<bndbox>
			<xmin>1218</xmin>
			<ymin>1784</ymin>
			<xmax>1308</xmax>
			<ymax>1877</ymax>
		</bndbox>
	</object>
	<object>
		<name>emergency_vehicle_use</name>
		<pose>Unspecified</pose>
		<truncated>0</truncated>
		<difficult>0</difficult>
		<bndbox>
			<xmin>2300</xmin>
			<ymin>1985</ymin>
			<xmax>2389</xmax>
			<ymax>2079</ymax>
		</bndbox>
	</object>
	<object>
		<name>cargo_body_type</name>
		<pose>Unspecified</pose>
		<truncated>0</truncated>
		<difficult>0</difficult>
		<bndbox>
			<xmin>1780</xmin>
			<ymin>1618</ymin>
			<xmax>1869</xmax>
			<ymax>1707</ymax>
		</bndbox>
	</object>
	<object>
		<name>comm_motor_vehicle_config</name>
		<pose>Unspecified</pose>
		<truncated>0</truncated>
		<difficult>0</difficult>
		<bndbox>
			<xmin>1430</xmin>
			<ymin>1356</ymin>
			<xmax>1520</xmax>
			<ymax>1446</ymax>
		</bndbox>
	</object>
	<object>
		<name>trafficway</name>
		<pose>Unspecified</pose>
		<truncated>0</truncated>
		<difficult>0</difficult>
		<bndbox>
			<xmin>846</xmin>
			<ymin>1323</ymin>
			<xmax>931</xmax>
			<ymax>1413</ymax>
		</bndbox>
	</object>
	<object>
		<name>body_type</name>
		<pose>Unspecified</pose>
		<truncated>0</truncated>
		<difficult>0</difficult>
		<bndbox>
			<xmin>261</xmin>
			<ymin>1356</ymin>
			<xmax>352</xmax>
			<ymax>1451</ymax>
		</bndbox>
	</object>
	<object>
		<name>phone_number</name>
		<pose>Unspecified</pose>
		<truncated>0</truncated>
		<difficult>0</difficult>
		<bndbox>
			<xmin>2057</xmin>
			<ymin>1201</ymin>
			<xmax>2440</xmax>
			<ymax>1306</ymax>
		</bndbox>
	</object>
	<object>
		<name>motor_carrier_address</name>
		<pose>Unspecified</pose>
		<truncated>0</truncated>
		<difficult>0</difficult>
		<bndbox>
			<xmin>113</xmin>
			<ymin>1199</ymin>
			<xmax>2057</xmax>
			<ymax>1306</ymax>
		</bndbox>
	</object>
	<object>
		<name>us_dot_no</name>
		<pose>Unspecified</pose>
		<truncated>0</truncated>
		<difficult>0</difficult>
		<bndbox>
			<xmin>972</xmin>
			<ymin>1082</ymin>
			<xmax>1416</xmax>
			<ymax>1197</ymax>
		</bndbox>
	</object>
	<object>
		<name>motor_carrier_name</name>
		<pose>Unspecified</pose>
		<truncated>0</truncated>
		<difficult>0</difficult>
		<bndbox>
			<xmin>109</xmin>
			<ymin>1089</ymin>
			<xmax>970</xmax>
			<ymax>1201</ymax>
		</bndbox>
	</object>
	<object>
		<name>released</name>
		<pose>Unspecified</pose>
		<truncated>0</truncated>
		<difficult>0</difficult>
		<bndbox>
			<xmin>327</xmin>
			<ymin>1004</ymin>
			<xmax>401</xmax>
			<ymax>1079</ymax>
		</bndbox>
	</object>
	<object>
		<name>placard</name>
		<pose>Unspecified</pose>
		<truncated>0</truncated>
		<difficult>0</difficult>
		<bndbox>
			<xmin>670</xmin>
			<ymin>1009</ymin>
			<xmax>743</xmax>
			<ymax>1077</ymax>
		</bndbox>
	</object>
	<object>
		<name>haz_mat_no</name>
		<pose>Unspecified</pose>
		<truncated>0</truncated>
		<difficult>0</difficult>
		<bndbox>
			<xmin>767</xmin>
			<ymin>982</ymin>
			<xmax>1084</xmax>
			<ymax>1082</ymax>
		</bndbox>
	</object>
	<object>
		<name>haz_mat_class</name>
		<pose>Unspecified</pose>
		<truncated>0</truncated>
		<difficult>0</difficult>
		<bndbox>
			<xmin>1084</xmin>
			<ymin>979</ymin>
			<xmax>1416</xmax>
			<ymax>1089</ymax>
		</bndbox>
	</object>
	<object>
		<name>total_lanes</name>
		<pose>Unspecified</pose>
		<truncated>0</truncated>
		<difficult>0</difficult>
		<bndbox>
			<xmin>2257</xmin>
			<ymin>870</ymin>
			<xmax>2438</xmax>
			<ymax>977</ymax>
		</bndbox>
	</object>
	<object>
		<name>posted_speed</name>
		<pose>Unspecified</pose>
		<truncated>0</truncated>
		<difficult>0</difficult>
		<bndbox>
			<xmin>2060</xmin>
			<ymin>867</ymin>
			<xmax>2255</xmax>
			<ymax>972</ymax>
		</bndbox>
	</object>
	<object>
		<name>est_speed</name>
		<pose>Unspecified</pose>
		<truncated>0</truncated>
		<difficult>0</difficult>
		<bndbox>
			<xmin>1874</xmin>
			<ymin>870</ymin>
			<xmax>2057</xmax>
			<ymax>979</ymax>
		</bndbox>
	</object>
	<object>
		<name>street_road_highway</name>
		<pose>Unspecified</pose>
		<truncated>0</truncated>
		<difficult>0</difficult>
		<bndbox>
			<xmin>938</xmin>
			<ymin>867</ymin>
			<xmax>1874</xmax>
			<ymax>979</ymax>
		</bndbox>
	</object>
	<object>
		<name>direction_north</name>
		<pose>Unspecified</pose>
		<truncated>0</truncated>
		<difficult>0</difficult>
		<bndbox>
			<xmin>273</xmin>
			<ymin>913</ymin>
			<xmax>323</xmax>
			<ymax>960</ymax>
		</bndbox>
	</object>
	<object>
		<name>direction_south</name>
		<pose>Unspecified</pose>
		<truncated>0</truncated>
		<difficult>0</difficult>
		<bndbox>
			<xmin>349</xmin>
			<ymin>914</ymin>
			<xmax>398</xmax>
			<ymax>962</ymax>
		</bndbox>
	</object>
	<object>
		<name>direction_east</name>
		<pose>Unspecified</pose>
		<truncated>0</truncated>
		<difficult>0</difficult>
		<bndbox>
			<xmin>425</xmin>
			<ymin>914</ymin>
			<xmax>475</xmax>
			<ymax>963</ymax>
		</bndbox>
	</object>
	<object>
		<name>direction_west</name>
		<pose>Unspecified</pose>
		<truncated>0</truncated>
		<difficult>0</difficult>
		<bndbox>
			<xmin>501</xmin>
			<ymin>913</ymin>
			<xmax>553</xmax>
			<ymax>962</ymax>
		</bndbox>
	</object>
	<object>
		<name>direction_offroad</name>
		<pose>Unspecified</pose>
		<truncated>0</truncated>
		<difficult>0</difficult>
		<bndbox>
			<xmin>598</xmin>
			<ymin>913</ymin>
			<xmax>648</xmax>
			<ymax>959</ymax>
		</bndbox>
	</object>
	<object>
		<name>direction_unknown</name>
		<pose>Unspecified</pose>
		<truncated>0</truncated>
		<difficult>0</difficult>
		<bndbox>
			<xmin>721</xmin>
			<ymin>913</ymin>
			<xmax>772</xmax>
			<ymax>964</ymax>
		</bndbox>
	</object>
	<object>
		<name>trailer1</name>
		<pose>Unspecified</pose>
		<truncated>0</truncated>
		<difficult>0</difficult>
		<bndbox>
			<xmin>114</xmin>
			<ymin>651</ymin>
			<xmax>254</xmax>
			<ymax>761</ymax>
		</bndbox>
	</object>
	<object>
		<name>trailer2</name>
		<pose>Unspecified</pose>
		<truncated>0</truncated>
		<difficult>0</difficult>
		<bndbox>
			<xmin>115</xmin>
			<ymin>762</ymin>
			<xmax>254</xmax>
			<ymax>873</ymax>
		</bndbox>
	</object>
	<object>
		<name>license_number_trailer1</name>
		<pose>Unspecified</pose>
		<truncated>0</truncated>
		<difficult>0</difficult>
		<bndbox>
			<xmin>253</xmin>
			<ymin>651</ymin>
			<xmax>495</xmax>
			<ymax>764</ymax>
		</bndbox>
	</object>
	<object>
		<name>license_number_trailer2</name>
		<pose>Unspecified</pose>
		<truncated>0</truncated>
		<difficult>0</difficult>
		<bndbox>
			<xmin>254</xmin>
			<ymin>763</ymin>
			<xmax>497</xmax>
			<ymax>868</ymax>
		</bndbox>
	</object>
	<object>
		<name>state_trailer1</name>
		<pose>Unspecified</pose>
		<truncated>0</truncated>
		<difficult>0</difficult>
		<bndbox>
			<xmin>496</xmin>
			<ymin>650</ymin>
			<xmax>639</xmax>
			<ymax>762</ymax>
		</bndbox>
	</object>
	<object>
		<name>state_trailer2</name>
		<pose>Unspecified</pose>
		<truncated>0</truncated>
		<difficult>0</difficult>
		<bndbox>
			<xmin>499</xmin>
			<ymin>761</ymin>
			<xmax>636</xmax>
			<ymax>872</ymax>
		</bndbox>
	</object>
	<object>
		<name>registration_expires_trailer1</name>
		<pose>Unspecified</pose>
		<truncated>0</truncated>
		<difficult>0</difficult>
		<bndbox>
			<xmin>641</xmin>
			<ymin>650</ymin>
			<xmax>942</xmax>
			<ymax>758</ymax>
		</bndbox>
	</object>
	<object>
		<name>registration_expires_trailer2</name>
		<pose>Unspecified</pose>
		<truncated>0</truncated>
		<difficult>0</difficult>
		<bndbox>
			<xmin>638</xmin>
			<ymin>762</ymin>
			<xmax>939</xmax>
			<ymax>868</ymax>
		</bndbox>
	</object>
	<object>
		<name>check_permanent_registration_trailer1</name>
		<pose>Unspecified</pose>
		<truncated>0</truncated>
		<difficult>0</difficult>
		<bndbox>
			<xmin>1100</xmin>
			<ymin>689</ymin>
			<xmax>1156</xmax>
			<ymax>749</ymax>
		</bndbox>
	</object>
	<object>
		<name>check_permanent_registration_trailer2</name>
		<pose>Unspecified</pose>
		<truncated>0</truncated>
		<difficult>0</difficult>
		<bndbox>
			<xmin>1099</xmin>
			<ymin>800</ymin>
			<xmax>1156</xmax>
			<ymax>859</ymax>
		</bndbox>
	</object>
	<object>
		<name>vin_trailer1</name>
		<pose>Unspecified</pose>
		<truncated>0</truncated>
		<difficult>0</difficult>
		<bndbox>
			<xmin>1185</xmin>
			<ymin>652</ymin>
			<xmax>1770</xmax>
			<ymax>759</ymax>
		</bndbox>
	</object>
	<object>
		<name>vin_trailer2</name>
		<pose>Unspecified</pose>
		<truncated>0</truncated>
		<difficult>0</difficult>
		<bndbox>
			<xmin>1184</xmin>
			<ymin>761</ymin>
			<xmax>1773</xmax>
			<ymax>864</ymax>
		</bndbox>
	</object>
	<object>
		<name>year_trailer1</name>
		<pose>Unspecified</pose>
		<truncated>0</truncated>
		<difficult>0</difficult>
		<bndbox>
			<xmin>1773</xmin>
			<ymin>648</ymin>
			<xmax>1931</xmax>
			<ymax>757</ymax>
		</bndbox>
	</object>
	<object>
		<name>year_trailer2</name>
		<pose>Unspecified</pose>
		<truncated>0</truncated>
		<difficult>0</difficult>
		<bndbox>
			<xmin>1773</xmin>
			<ymin>759</ymin>
			<xmax>1931</xmax>
			<ymax>868</ymax>
		</bndbox>
	</object>
	<object>
		<name>make_trailer1</name>
		<pose>Unspecified</pose>
		<truncated>0</truncated>
		<difficult>0</difficult>
		<bndbox>
			<xmin>1929</xmin>
			<ymin>650</ymin>
			<xmax>2146</xmax>
			<ymax>761</ymax>
		</bndbox>
	</object>
	<object>
		<name>make_trailer2</name>
		<pose>Unspecified</pose>
		<truncated>0</truncated>
		<difficult>0</difficult>
		<bndbox>
			<xmin>1929</xmin>
			<ymin>758</ymin>
			<xmax>2143</xmax>
			<ymax>865</ymax>
		</bndbox>
	</object>
	<object>
		<name>length_trailer1</name>
		<pose>Unspecified</pose>
		<truncated>0</truncated>
		<difficult>0</difficult>
		<bndbox>
			<xmin>2143</xmin>
			<ymin>648</ymin>
			<xmax>2292</xmax>
			<ymax>757</ymax>
		</bndbox>
	</object>
	<object>
		<name>length_trailer2</name>
		<pose>Unspecified</pose>
		<truncated>0</truncated>
		<difficult>0</difficult>
		<bndbox>
			<xmin>2146</xmin>
			<ymin>759</ymin>
			<xmax>2295</xmax>
			<ymax>866</ymax>
		</bndbox>
	</object>
	<object>
		<name>axles_trailer1</name>
		<pose>Unspecified</pose>
		<truncated>0</truncated>
		<difficult>0</difficult>
		<bndbox>
			<xmin>2291</xmin>
			<ymin>650</ymin>
			<xmax>2440</xmax>
			<ymax>756</ymax>
		</bndbox>
	</object>
	<object>
		<name>axles_trailer2</name>
		<pose>Unspecified</pose>
		<truncated>0</truncated>
		<difficult>0</difficult>
		<bndbox>
			<xmin>2295</xmin>
			<ymin>756</ymin>
			<xmax>2440</xmax>
			<ymax>868</ymax>
		</bndbox>
	</object>
	<object>
		<name>owner_details</name>
		<pose>Unspecified</pose>
		<truncated>0</truncated>
		<difficult>0</difficult>
		<bndbox>
			<xmin>116</xmin>
			<ymin>550</ymin>
			<xmax>2435</xmax>
			<ymax>645</ymax>
		</bndbox>
	</object>
	<object>
		<name>insurance_company</name>
		<pose>Unspecified</pose>
		<truncated>0</truncated>
		<difficult>0</difficult>
		<bndbox>
			<xmin>111</xmin>
			<ymin>440</ymin>
			<xmax>843</xmax>
			<ymax>550</ymax>
		</bndbox>
	</object>
	<object>
		<name>insurance_policy_no</name>
		<pose>Unspecified</pose>
		<truncated>0</truncated>
		<difficult>0</difficult>
		<bndbox>
			<xmin>843</xmin>
			<ymin>436</ymin>
			<xmax>1282</xmax>
			<ymax>548</ymax>
		</bndbox>
	</object>
	<object>
		<name>towed</name>
		<pose>Unspecified</pose>
		<truncated>0</truncated>
		<difficult>0</difficult>
		<bndbox>
			<xmin>1460</xmin>
			<ymin>455</ymin>
			<xmax>1545</xmax>
			<ymax>536</ymax>
		</bndbox>
	</object>
	<object>
		<name>removed</name>
		<pose>Unspecified</pose>
		<truncated>0</truncated>
		<difficult>0</difficult>
		<bndbox>
			<xmin>1567</xmin>
			<ymin>440</ymin>
			<xmax>2070</xmax>
			<ymax>553</ymax>
		</bndbox>
	</object>
	<object>
		<name>rotation</name>
		<pose>Unspecified</pose>
		<truncated>0</truncated>
		<difficult>0</difficult>
		<bndbox>
			<xmin>2343</xmin>
			<ymin>443</ymin>
			<xmax>2418</xmax>
			<ymax>519</ymax>
		</bndbox>
	</object>
	<object>
		<name>est_amount</name>
		<pose>Unspecified</pose>
		<truncated>0</truncated>
		<difficult>0</difficult>
		<bndbox>
			<xmin>2226</xmin>
			<ymin>326</ymin>
			<xmax>2435</xmax>
			<ymax>431</ymax>
		</bndbox>
	</object>
	<object>
		<name>damage</name>
		<pose>Unspecified</pose>
		<truncated>0</truncated>
		<difficult>0</difficult>
		<bndbox>
			<xmin>2128</xmin>
			<ymin>343</ymin>
			<xmax>2209</xmax>
			<ymax>426</ymax>
		</bndbox>
	</object>
	<object>
		<name>VIN</name>
		<pose>Unspecified</pose>
		<truncated>0</truncated>
		<difficult>0</difficult>
		<bndbox>
			<xmin>1635</xmin>
			<ymin>221</ymin>
			<xmax>2440</xmax>
			<ymax>331</ymax>
		</bndbox>
	</object>
	<object>
		<name>color</name>
		<pose>Unspecified</pose>
		<truncated>0</truncated>
		<difficult>0</difficult>
		<bndbox>
			<xmin>1518</xmin>
			<ymin>332</ymin>
			<xmax>1789</xmax>
			<ymax>436</ymax>
		</bndbox>
	</object>
	<object>
		<name>style</name>
		<pose>Unspecified</pose>
		<truncated>0</truncated>
		<difficult>0</difficult>
		<bndbox>
			<xmin>1243</xmin>
			<ymin>332</ymin>
			<xmax>1518</xmax>
			<ymax>436</ymax>
		</bndbox>
	</object>
	<object>
		<name>model</name>
		<pose>Unspecified</pose>
		<truncated>0</truncated>
		<difficult>0</difficult>
		<bndbox>
			<xmin>973</xmin>
			<ymin>325</ymin>
			<xmax>1245</xmax>
			<ymax>436</ymax>
		</bndbox>
	</object>
	<object>
		<name>check_permanent_registration</name>
		<pose>Unspecified</pose>
		<truncated>0</truncated>
		<difficult>0</difficult>
		<bndbox>
			<xmin>1548</xmin>
			<ymin>261</ymin>
			<xmax>1606</xmax>
			<ymax>318</ymax>
		</bndbox>
	</object>
	<object>
		<name>registration_expires</name>
		<pose>Unspecified</pose>
		<truncated>0</truncated>
		<difficult>0</difficult>
		<bndbox>
			<xmin>1099</xmin>
			<ymin>222</ymin>
			<xmax>1385</xmax>
			<ymax>324</ymax>
		</bndbox>
	</object>
	<object>
		<name>reporting_agency_case_number</name>
		<pose>Unspecified</pose>
		<truncated>0</truncated>
		<difficult>0</difficult>
		<bndbox>
			<xmin>1210</xmin>
			<ymin>115</ymin>
			<xmax>1788</xmax>
			<ymax>216</ymax>
		</bndbox>
	</object>
	<object>
		<name>state</name>
		<pose>Unspecified</pose>
		<truncated>0</truncated>
		<difficult>0</difficult>
		<bndbox>
			<xmin>985</xmin>
			<ymin>224</ymin>
			<xmax>1100</xmax>
			<ymax>324</ymax>
		</bndbox>
	</object>
	<object>
		<name>hsmv_crash_report_no</name>
		<pose>Unspecified</pose>
		<truncated>0</truncated>
		<difficult>0</difficult>
		<bndbox>
			<xmin>1787</xmin>
			<ymin>114</ymin>
			<xmax>2435</xmax>
			<ymax>216</ymax>
		</bndbox>
	</object>
	<object>
		<name>no</name>
		<pose>Unspecified</pose>
		<truncated>0</truncated>
		<difficult>0</difficult>
		<bndbox>
			<xmin>403</xmin>
			<ymin>121</ymin>
			<xmax>489</xmax>
			<ymax>208</ymax>
		</bndbox>
	</object>
	<object>
		<name>check_if_commercial</name>
		<pose>Unspecified</pose>
		<truncated>0</truncated>
		<difficult>0</difficult>
		<bndbox>
			<xmin>1015</xmin>
			<ymin>118</ymin>
			<xmax>1100</xmax>
			<ymax>213</ymax>
		</bndbox>
	</object>
	<object>
		<name>type</name>
		<pose>Unspecified</pose>
		<truncated>0</truncated>
		<difficult>0</difficult>
		<bndbox>
			<xmin>410</xmin>
			<ymin>232</ymin>
			<xmax>501</xmax>
			<ymax>316</ymax>
		</bndbox>
	</object>
	<object>
		<name>make</name>
		<pose>Unspecified</pose>
		<truncated>0</truncated>
		<difficult>0</difficult>
		<bndbox>
			<xmin>699</xmin>
			<ymin>326</ymin>
			<xmax>974</xmax>
			<ymax>441</ymax>
		</bndbox>
	</object>
	<object>
		<name>year</name>
		<pose>Unspecified</pose>
		<truncated>0</truncated>
		<difficult>0</difficult>
		<bndbox>
			<xmin>413</xmin>
			<ymin>329</ymin>
			<xmax>701</xmax>
			<ymax>442</ymax>
		</bndbox>
	</object>
	<object>
		<name>hit_run</name>
		<pose>Unspecified</pose>
		<truncated>0</truncated>
		<difficult>0</difficult>
		<bndbox>
			<xmin>305</xmin>
			<ymin>340</ymin>
			<xmax>387</xmax>
			<ymax>427</ymax>
		</bndbox>
	</object>
	<object>
		<name>license_no</name>
		<pose>Unspecified</pose>
		<truncated>0</truncated>
		<difficult>0</difficult>
		<bndbox>
			<xmin>516</xmin>
			<ymin>224</ymin>
			<xmax>988</xmax>
			<ymax>324</ymax>
		</bndbox>
	</object>
</annotation>
