<annotation>
	<folder>vehicle_saugata</folder>
	<filename>302362061_2.png</filename>
	<path>/home/developer/Desktop/vehicle_saugata/302362061_2.png</path>
	<source>
		<database>Unknown</database>
	</source>
	<size>
		<width>2571</width>
		<height>3294</height>
		<depth>3</depth>
	</size>
	<segmented>0</segmented>
	<object>
		<name>person1</name>
		<pose>Unspecified</pose>
		<truncated>0</truncated>
		<difficult>0</difficult>
		<bndbox>
			<xmin>124</xmin>
			<ymin>2705</ymin>
			<xmax>271</xmax>
			<ymax>2817</ymax>
		</bndbox>
	</object>
	<object>
		<name>person2</name>
		<pose>Unspecified</pose>
		<truncated>0</truncated>
		<difficult>0</difficult>
		<bndbox>
			<xmin>122</xmin>
			<ymin>2815</ymin>
			<xmax>269</xmax>
			<ymax>2924</ymax>
		</bndbox>
	</object>
	<object>
		<name>person3</name>
		<pose>Unspecified</pose>
		<truncated>0</truncated>
		<difficult>0</difficult>
		<bndbox>
			<xmin>122</xmin>
			<ymin>2919</ymin>
			<xmax>265</xmax>
			<ymax>3026</ymax>
		</bndbox>
	</object>
	<object>
		<name>violator_name1</name>
		<pose>Unspecified</pose>
		<truncated>0</truncated>
		<difficult>0</difficult>
		<bndbox>
			<xmin>265</xmin>
			<ymin>2699</ymin>
			<xmax>963</xmax>
			<ymax>2817</ymax>
		</bndbox>
	</object>
	<object>
		<name>violator_name2</name>
		<pose>Unspecified</pose>
		<truncated>0</truncated>
		<difficult>0</difficult>
		<bndbox>
			<xmin>267</xmin>
			<ymin>2813</ymin>
			<xmax>961</xmax>
			<ymax>2921</ymax>
		</bndbox>
	</object>
	<object>
		<name>violator_name3</name>
		<pose>Unspecified</pose>
		<truncated>0</truncated>
		<difficult>0</difficult>
		<bndbox>
			<xmin>267</xmin>
			<ymin>2921</ymin>
			<xmax>957</xmax>
			<ymax>3026</ymax>
		</bndbox>
	</object>
	<object>
		<name>fl_statute_no1</name>
		<pose>Unspecified</pose>
		<truncated>0</truncated>
		<difficult>0</difficult>
		<bndbox>
			<xmin>959</xmin>
			<ymin>2701</ymin>
			<xmax>1433</xmax>
			<ymax>2813</ymax>
		</bndbox>
	</object>
	<object>
		<name>fl_statute_no2</name>
		<pose>Unspecified</pose>
		<truncated>0</truncated>
		<difficult>0</difficult>
		<bndbox>
			<xmin>963</xmin>
			<ymin>2811</ymin>
			<xmax>1435</xmax>
			<ymax>2917</ymax>
		</bndbox>
	</object>
	<object>
		<name>fl_statute_no3</name>
		<pose>Unspecified</pose>
		<truncated>0</truncated>
		<difficult>0</difficult>
		<bndbox>
			<xmin>957</xmin>
			<ymin>2917</ymin>
			<xmax>1435</xmax>
			<ymax>3036</ymax>
		</bndbox>
	</object>
	<object>
		<name>charge1</name>
		<pose>Unspecified</pose>
		<truncated>0</truncated>
		<difficult>0</difficult>
		<bndbox>
			<xmin>1433</xmin>
			<ymin>2699</ymin>
			<xmax>2082</xmax>
			<ymax>2805</ymax>
		</bndbox>
	</object>
	<object>
		<name>charge2</name>
		<pose>Unspecified</pose>
		<truncated>0</truncated>
		<difficult>0</difficult>
		<bndbox>
			<xmin>1437</xmin>
			<ymin>2805</ymin>
			<xmax>2082</xmax>
			<ymax>2921</ymax>
		</bndbox>
	</object>
	<object>
		<name>charge3</name>
		<pose>Unspecified</pose>
		<truncated>0</truncated>
		<difficult>0</difficult>
		<bndbox>
			<xmin>1435</xmin>
			<ymin>2919</ymin>
			<xmax>2082</xmax>
			<ymax>3021</ymax>
		</bndbox>
	</object>
	<object>
		<name>citation_no1</name>
		<pose>Unspecified</pose>
		<truncated>0</truncated>
		<difficult>0</difficult>
		<bndbox>
			<xmin>2082</xmin>
			<ymin>2703</ymin>
			<xmax>2451</xmax>
			<ymax>2811</ymax>
		</bndbox>
	</object>
	<object>
		<name>citation_no2</name>
		<pose>Unspecified</pose>
		<truncated>0</truncated>
		<difficult>0</difficult>
		<bndbox>
			<xmin>2086</xmin>
			<ymin>2811</ymin>
			<xmax>2453</xmax>
			<ymax>2913</ymax>
		</bndbox>
	</object>
	<object>
		<name>citation_no3</name>
		<pose>Unspecified</pose>
		<truncated>0</truncated>
		<difficult>0</difficult>
		<bndbox>
			<xmin>2088</xmin>
			<ymin>2913</ymin>
			<xmax>2453</xmax>
			<ymax>3021</ymax>
		</bndbox>
	</object>
	<object>
		<name>defects1</name>
		<pose>Unspecified</pose>
		<truncated>0</truncated>
		<difficult>0</difficult>
		<bndbox>
			<xmin>2025</xmin>
			<ymin>2293</ymin>
			<xmax>2112</xmax>
			<ymax>2379</ymax>
		</bndbox>
	</object>
	<object>
		<name>defects2</name>
		<pose>Unspecified</pose>
		<truncated>0</truncated>
		<difficult>0</difficult>
		<bndbox>
			<xmin>2247</xmin>
			<ymin>2258</ymin>
			<xmax>2337</xmax>
			<ymax>2348</ymax>
		</bndbox>
	</object>
	<object>
		<name>traffic_control_device</name>
		<pose>Unspecified</pose>
		<truncated>0</truncated>
		<difficult>0</difficult>
		<bndbox>
			<xmin>1524</xmin>
			<ymin>2303</ymin>
			<xmax>1612</xmax>
			<ymax>2389</ymax>
		</bndbox>
	</object>
	<object>
		<name>emergency_vehicle_use</name>
		<pose>Unspecified</pose>
		<truncated>0</truncated>
		<difficult>0</difficult>
		<bndbox>
			<xmin>2310</xmin>
			<ymin>1989</ymin>
			<xmax>2394</xmax>
			<ymax>2081</ymax>
		</bndbox>
	</object>
	<object>
		<name>vehicle_maneuver_action</name>
		<pose>Unspecified</pose>
		<truncated>0</truncated>
		<difficult>0</difficult>
		<bndbox>
			<xmin>824</xmin>
			<ymin>2303</ymin>
			<xmax>914</xmax>
			<ymax>2395</ymax>
		</bndbox>
	</object>
	<object>
		<name>special_func_motor</name>
		<pose>Unspecified</pose>
		<truncated>0</truncated>
		<difficult>0</difficult>
		<bndbox>
			<xmin>149</xmin>
			<ymin>2524</ymin>
			<xmax>239</xmax>
			<ymax>2619</ymax>
		</bndbox>
	</object>
	<object>
		<name>roadway_alignment</name>
		<pose>Unspecified</pose>
		<truncated>0</truncated>
		<difficult>0</difficult>
		<bndbox>
			<xmin>478</xmin>
			<ymin>2383</ymin>
			<xmax>567</xmax>
			<ymax>2472</ymax>
		</bndbox>
	</object>
	<object>
		<name>roadway_grade</name>
		<pose>Unspecified</pose>
		<truncated>0</truncated>
		<difficult>0</difficult>
		<bndbox>
			<xmin>155</xmin>
			<ymin>2354</ymin>
			<xmax>245</xmax>
			<ymax>2444</ymax>
		</bndbox>
	</object>
	<object>
		<name>most_harmful_event</name>
		<pose>Unspecified</pose>
		<truncated>0</truncated>
		<difficult>0</difficult>
		<bndbox>
			<xmin>227</xmin>
			<ymin>1875</ymin>
			<xmax>320</xmax>
			<ymax>1972</ymax>
		</bndbox>
	</object>
	<object>
		<name>seq_of_events1</name>
		<pose>Unspecified</pose>
		<truncated>0</truncated>
		<difficult>0</difficult>
		<bndbox>
			<xmin>149</xmin>
			<ymin>2054</ymin>
			<xmax>239</xmax>
			<ymax>2142</ymax>
		</bndbox>
	</object>
	<object>
		<name>seq_of_events2</name>
		<pose>Unspecified</pose>
		<truncated>0</truncated>
		<difficult>0</difficult>
		<bndbox>
			<xmin>310</xmin>
			<ymin>2054</ymin>
			<xmax>398</xmax>
			<ymax>2144</ymax>
		</bndbox>
	</object>
	<object>
		<name>seq_of_events3</name>
		<pose>Unspecified</pose>
		<truncated>0</truncated>
		<difficult>0</difficult>
		<bndbox>
			<xmin>153</xmin>
			<ymin>2183</ymin>
			<xmax>239</xmax>
			<ymax>2275</ymax>
		</bndbox>
	</object>
	<object>
		<name>seq_of_events4</name>
		<pose>Unspecified</pose>
		<truncated>0</truncated>
		<difficult>0</difficult>
		<bndbox>
			<xmin>314</xmin>
			<ymin>2177</ymin>
			<xmax>400</xmax>
			<ymax>2268</ymax>
		</bndbox>
	</object>
	<object>
		<name>comm_noncomm</name>
		<pose>Unspecified</pose>
		<truncated>0</truncated>
		<difficult>0</difficult>
		<bndbox>
			<xmin>225</xmin>
			<ymin>1703</ymin>
			<xmax>318</xmax>
			<ymax>1795</ymax>
		</bndbox>
	</object>
	<object>
		<name>body_type</name>
		<pose>Unspecified</pose>
		<truncated>0</truncated>
		<difficult>0</difficult>
		<bndbox>
			<xmin>263</xmin>
			<ymin>1356</ymin>
			<xmax>349</xmax>
			<ymax>1454</ymax>
		</bndbox>
	</object>
	<object>
		<name>trafficway</name>
		<pose>Unspecified</pose>
		<truncated>0</truncated>
		<difficult>0</difficult>
		<bndbox>
			<xmin>847</xmin>
			<ymin>1321</ymin>
			<xmax>937</xmax>
			<ymax>1413</ymax>
		</bndbox>
	</object>
	<object>
		<name>trailer_type1</name>
		<pose>Unspecified</pose>
		<truncated>0</truncated>
		<difficult>0</difficult>
		<bndbox>
			<xmin>940</xmin>
			<ymin>1627</ymin>
			<xmax>1029</xmax>
			<ymax>1721</ymax>
		</bndbox>
	</object>
	<object>
		<name>trailer_type2</name>
		<pose>Unspecified</pose>
		<truncated>0</truncated>
		<difficult>0</difficult>
		<bndbox>
			<xmin>1088</xmin>
			<ymin>1627</ymin>
			<xmax>1176</xmax>
			<ymax>1712</ymax>
		</bndbox>
	</object>
	<object>
		<name>comm_GVWR_GCWR</name>
		<pose>Unspecified</pose>
		<truncated>0</truncated>
		<difficult>0</difficult>
		<bndbox>
			<xmin>1222</xmin>
			<ymin>1791</ymin>
			<xmax>1308</xmax>
			<ymax>1880</ymax>
		</bndbox>
	</object>
	<object>
		<name>cargo_body_type</name>
		<pose>Unspecified</pose>
		<truncated>0</truncated>
		<difficult>0</difficult>
		<bndbox>
			<xmin>1782</xmin>
			<ymin>1619</ymin>
			<xmax>1868</xmax>
			<ymax>1710</ymax>
		</bndbox>
	</object>
	<object>
		<name>comm_motor_vehicle_config</name>
		<pose>Unspecified</pose>
		<truncated>0</truncated>
		<difficult>0</difficult>
		<bndbox>
			<xmin>1434</xmin>
			<ymin>1358</ymin>
			<xmax>1521</xmax>
			<ymax>1446</ymax>
		</bndbox>
	</object>
	<object>
		<name>motor_carrier_address</name>
		<pose>Unspecified</pose>
		<truncated>0</truncated>
		<difficult>0</difficult>
		<bndbox>
			<xmin>114</xmin>
			<ymin>1197</ymin>
			<xmax>2058</xmax>
			<ymax>1304</ymax>
		</bndbox>
	</object>
	<object>
		<name>phone_number</name>
		<pose>Unspecified</pose>
		<truncated>0</truncated>
		<difficult>0</difficult>
		<bndbox>
			<xmin>2058</xmin>
			<ymin>1204</ymin>
			<xmax>2446</xmax>
			<ymax>1309</ymax>
		</bndbox>
	</object>
	<object>
		<name>motor_carrier_name</name>
		<pose>Unspecified</pose>
		<truncated>0</truncated>
		<difficult>0</difficult>
		<bndbox>
			<xmin>112</xmin>
			<ymin>1092</ymin>
			<xmax>977</xmax>
			<ymax>1201</ymax>
		</bndbox>
	</object>
	<object>
		<name>us_dot_no</name>
		<pose>Unspecified</pose>
		<truncated>0</truncated>
		<difficult>0</difficult>
		<bndbox>
			<xmin>973</xmin>
			<ymin>1092</ymin>
			<xmax>1416</xmax>
			<ymax>1197</ymax>
		</bndbox>
	</object>
	<object>
		<name>released</name>
		<pose>Unspecified</pose>
		<truncated>0</truncated>
		<difficult>0</difficult>
		<bndbox>
			<xmin>334</xmin>
			<ymin>1011</ymin>
			<xmax>399</xmax>
			<ymax>1077</ymax>
		</bndbox>
	</object>
	<object>
		<name>placard</name>
		<pose>Unspecified</pose>
		<truncated>0</truncated>
		<difficult>0</difficult>
		<bndbox>
			<xmin>668</xmin>
			<ymin>1006</ymin>
			<xmax>743</xmax>
			<ymax>1084</ymax>
		</bndbox>
	</object>
	<object>
		<name>haz_mat_no</name>
		<pose>Unspecified</pose>
		<truncated>0</truncated>
		<difficult>0</difficult>
		<bndbox>
			<xmin>768</xmin>
			<ymin>984</ymin>
			<xmax>1082</xmax>
			<ymax>1087</ymax>
		</bndbox>
	</object>
	<object>
		<name>haz_mat_class</name>
		<pose>Unspecified</pose>
		<truncated>0</truncated>
		<difficult>0</difficult>
		<bndbox>
			<xmin>1085</xmin>
			<ymin>982</ymin>
			<xmax>1412</xmax>
			<ymax>1092</ymax>
		</bndbox>
	</object>
	<object>
		<name>total_lanes</name>
		<pose>Unspecified</pose>
		<truncated>0</truncated>
		<difficult>0</difficult>
		<bndbox>
			<xmin>2261</xmin>
			<ymin>868</ymin>
			<xmax>2447</xmax>
			<ymax>977</ymax>
		</bndbox>
	</object>
	<object>
		<name>posted_speed</name>
		<pose>Unspecified</pose>
		<truncated>0</truncated>
		<difficult>0</difficult>
		<bndbox>
			<xmin>2057</xmin>
			<ymin>870</ymin>
			<xmax>2263</xmax>
			<ymax>979</ymax>
		</bndbox>
	</object>
	<object>
		<name>est_speed</name>
		<pose>Unspecified</pose>
		<truncated>0</truncated>
		<difficult>0</difficult>
		<bndbox>
			<xmin>1876</xmin>
			<ymin>872</ymin>
			<xmax>2061</xmax>
			<ymax>975</ymax>
		</bndbox>
	</object>
	<object>
		<name>street_road_highway</name>
		<pose>Unspecified</pose>
		<truncated>0</truncated>
		<difficult>0</difficult>
		<bndbox>
			<xmin>941</xmin>
			<ymin>872</ymin>
			<xmax>1875</xmax>
			<ymax>981</ymax>
		</bndbox>
	</object>
	<object>
		<name>direction_north</name>
		<pose>Unspecified</pose>
		<truncated>0</truncated>
		<difficult>0</difficult>
		<bndbox>
			<xmin>275</xmin>
			<ymin>920</ymin>
			<xmax>325</xmax>
			<ymax>959</ymax>
		</bndbox>
	</object>
	<object>
		<name>direction_south</name>
		<pose>Unspecified</pose>
		<truncated>0</truncated>
		<difficult>0</difficult>
		<bndbox>
			<xmin>352</xmin>
			<ymin>920</ymin>
			<xmax>403</xmax>
			<ymax>966</ymax>
		</bndbox>
	</object>
	<object>
		<name>direction_east</name>
		<pose>Unspecified</pose>
		<truncated>0</truncated>
		<difficult>0</difficult>
		<bndbox>
			<xmin>425</xmin>
			<ymin>915</ymin>
			<xmax>479</xmax>
			<ymax>961</ymax>
		</bndbox>
	</object>
	<object>
		<name>direction_west</name>
		<pose>Unspecified</pose>
		<truncated>0</truncated>
		<difficult>0</difficult>
		<bndbox>
			<xmin>502</xmin>
			<ymin>918</ymin>
			<xmax>557</xmax>
			<ymax>964</ymax>
		</bndbox>
	</object>
	<object>
		<name>direction_offroad</name>
		<pose>Unspecified</pose>
		<truncated>0</truncated>
		<difficult>0</difficult>
		<bndbox>
			<xmin>597</xmin>
			<ymin>915</ymin>
			<xmax>651</xmax>
			<ymax>966</ymax>
		</bndbox>
	</object>
	<object>
		<name>direction_unknown</name>
		<pose>Unspecified</pose>
		<truncated>0</truncated>
		<difficult>0</difficult>
		<bndbox>
			<xmin>725</xmin>
			<ymin>920</ymin>
			<xmax>772</xmax>
			<ymax>966</ymax>
		</bndbox>
	</object>
	<object>
		<name>trailer1</name>
		<pose>Unspecified</pose>
		<truncated>0</truncated>
		<difficult>0</difficult>
		<bndbox>
			<xmin>113</xmin>
			<ymin>652</ymin>
			<xmax>254</xmax>
			<ymax>769</ymax>
		</bndbox>
	</object>
	<object>
		<name>trailer2</name>
		<pose>Unspecified</pose>
		<truncated>0</truncated>
		<difficult>0</difficult>
		<bndbox>
			<xmin>116</xmin>
			<ymin>770</ymin>
			<xmax>256</xmax>
			<ymax>874</ymax>
		</bndbox>
	</object>
	<object>
		<name>license_number_trailer1</name>
		<pose>Unspecified</pose>
		<truncated>0</truncated>
		<difficult>0</difficult>
		<bndbox>
			<xmin>256</xmin>
			<ymin>651</ymin>
			<xmax>500</xmax>
			<ymax>764</ymax>
		</bndbox>
	</object>
	<object>
		<name>license_number_trailer2</name>
		<pose>Unspecified</pose>
		<truncated>0</truncated>
		<difficult>0</difficult>
		<bndbox>
			<xmin>259</xmin>
			<ymin>764</ymin>
			<xmax>500</xmax>
			<ymax>872</ymax>
		</bndbox>
	</object>
	<object>
		<name>state_trailer1</name>
		<pose>Unspecified</pose>
		<truncated>0</truncated>
		<difficult>0</difficult>
		<bndbox>
			<xmin>502</xmin>
			<ymin>652</ymin>
			<xmax>639</xmax>
			<ymax>762</ymax>
		</bndbox>
	</object>
	<object>
		<name>state_trailer2</name>
		<pose>Unspecified</pose>
		<truncated>0</truncated>
		<difficult>0</difficult>
		<bndbox>
			<xmin>500</xmin>
			<ymin>762</ymin>
			<xmax>639</xmax>
			<ymax>872</ymax>
		</bndbox>
	</object>
	<object>
		<name>registration_expires_trailer1</name>
		<pose>Unspecified</pose>
		<truncated>0</truncated>
		<difficult>0</difficult>
		<bndbox>
			<xmin>643</xmin>
			<ymin>652</ymin>
			<xmax>941</xmax>
			<ymax>764</ymax>
		</bndbox>
	</object>
	<object>
		<name>registration_expires_trailer2</name>
		<pose>Unspecified</pose>
		<truncated>0</truncated>
		<difficult>0</difficult>
		<bndbox>
			<xmin>646</xmin>
			<ymin>764</ymin>
			<xmax>941</xmax>
			<ymax>872</ymax>
		</bndbox>
	</object>
	<object>
		<name>check_permanent_registration_trailer1</name>
		<pose>Unspecified</pose>
		<truncated>0</truncated>
		<difficult>0</difficult>
		<bndbox>
			<xmin>1103</xmin>
			<ymin>697</ymin>
			<xmax>1156</xmax>
			<ymax>756</ymax>
		</bndbox>
	</object>
	<object>
		<name>check_permanent_registration_trailer2</name>
		<pose>Unspecified</pose>
		<truncated>0</truncated>
		<difficult>0</difficult>
		<bndbox>
			<xmin>1105</xmin>
			<ymin>802</ymin>
			<xmax>1159</xmax>
			<ymax>861</ymax>
		</bndbox>
	</object>
	<object>
		<name>vin_trailer1</name>
		<pose>Unspecified</pose>
		<truncated>0</truncated>
		<difficult>0</difficult>
		<bndbox>
			<xmin>1189</xmin>
			<ymin>654</ymin>
			<xmax>1774</xmax>
			<ymax>766</ymax>
		</bndbox>
	</object>
	<object>
		<name>vin_trailer2</name>
		<pose>Unspecified</pose>
		<truncated>0</truncated>
		<difficult>0</difficult>
		<bndbox>
			<xmin>1185</xmin>
			<ymin>766</ymin>
			<xmax>1775</xmax>
			<ymax>870</ymax>
		</bndbox>
	</object>
	<object>
		<name>year_trailer1</name>
		<pose>Unspecified</pose>
		<truncated>0</truncated>
		<difficult>0</difficult>
		<bndbox>
			<xmin>1777</xmin>
			<ymin>654</ymin>
			<xmax>1928</xmax>
			<ymax>759</ymax>
		</bndbox>
	</object>
	<object>
		<name>year_trailer2</name>
		<pose>Unspecified</pose>
		<truncated>0</truncated>
		<difficult>0</difficult>
		<bndbox>
			<xmin>1779</xmin>
			<ymin>762</ymin>
			<xmax>1934</xmax>
			<ymax>864</ymax>
		</bndbox>
	</object>
	<object>
		<name>make_trailer1</name>
		<pose>Unspecified</pose>
		<truncated>0</truncated>
		<difficult>0</difficult>
		<bndbox>
			<xmin>1930</xmin>
			<ymin>654</ymin>
			<xmax>2152</xmax>
			<ymax>761</ymax>
		</bndbox>
	</object>
	<object>
		<name>make_trailer2</name>
		<pose>Unspecified</pose>
		<truncated>0</truncated>
		<difficult>0</difficult>
		<bndbox>
			<xmin>1931</xmin>
			<ymin>761</ymin>
			<xmax>2148</xmax>
			<ymax>864</ymax>
		</bndbox>
	</object>
	<object>
		<name>length_trailer1</name>
		<pose>Unspecified</pose>
		<truncated>0</truncated>
		<difficult>0</difficult>
		<bndbox>
			<xmin>2146</xmin>
			<ymin>649</ymin>
			<xmax>2297</xmax>
			<ymax>756</ymax>
		</bndbox>
	</object>
	<object>
		<name>length_trailer2</name>
		<pose>Unspecified</pose>
		<truncated>0</truncated>
		<difficult>0</difficult>
		<bndbox>
			<xmin>2149</xmin>
			<ymin>764</ymin>
			<xmax>2295</xmax>
			<ymax>869</ymax>
		</bndbox>
	</object>
	<object>
		<name>axles_trailer1</name>
		<pose>Unspecified</pose>
		<truncated>0</truncated>
		<difficult>0</difficult>
		<bndbox>
			<xmin>2298</xmin>
			<ymin>652</ymin>
			<xmax>2443</xmax>
			<ymax>759</ymax>
		</bndbox>
	</object>
	<object>
		<name>axles_trailer2</name>
		<pose>Unspecified</pose>
		<truncated>0</truncated>
		<difficult>0</difficult>
		<bndbox>
			<xmin>2297</xmin>
			<ymin>762</ymin>
			<xmax>2446</xmax>
			<ymax>874</ymax>
		</bndbox>
	</object>
	<object>
		<name>owner_details</name>
		<pose>Unspecified</pose>
		<truncated>0</truncated>
		<difficult>0</difficult>
		<bndbox>
			<xmin>116</xmin>
			<ymin>553</ymin>
			<xmax>2446</xmax>
			<ymax>655</ymax>
		</bndbox>
	</object>
	<object>
		<name>insurance_company</name>
		<pose>Unspecified</pose>
		<truncated>0</truncated>
		<difficult>0</difficult>
		<bndbox>
			<xmin>114</xmin>
			<ymin>440</ymin>
			<xmax>841</xmax>
			<ymax>555</ymax>
		</bndbox>
	</object>
	<object>
		<name>insurance_policy_no</name>
		<pose>Unspecified</pose>
		<truncated>0</truncated>
		<difficult>0</difficult>
		<bndbox>
			<xmin>841</xmin>
			<ymin>437</ymin>
			<xmax>1282</xmax>
			<ymax>548</ymax>
		</bndbox>
	</object>
	<object>
		<name>towed</name>
		<pose>Unspecified</pose>
		<truncated>0</truncated>
		<difficult>0</difficult>
		<bndbox>
			<xmin>1465</xmin>
			<ymin>458</ymin>
			<xmax>1551</xmax>
			<ymax>538</ymax>
		</bndbox>
	</object>
	<object>
		<name>removed</name>
		<pose>Unspecified</pose>
		<truncated>0</truncated>
		<difficult>0</difficult>
		<bndbox>
			<xmin>1573</xmin>
			<ymin>440</ymin>
			<xmax>2070</xmax>
			<ymax>548</ymax>
		</bndbox>
	</object>
	<object>
		<name>rotation</name>
		<pose>Unspecified</pose>
		<truncated>0</truncated>
		<difficult>0</difficult>
		<bndbox>
			<xmin>2343</xmin>
			<ymin>448</ymin>
			<xmax>2421</xmax>
			<ymax>526</ymax>
		</bndbox>
	</object>
	<object>
		<name>est_amount</name>
		<pose>Unspecified</pose>
		<truncated>0</truncated>
		<difficult>0</difficult>
		<bndbox>
			<xmin>2229</xmin>
			<ymin>326</ymin>
			<xmax>2438</xmax>
			<ymax>433</ymax>
		</bndbox>
	</object>
	<object>
		<name>damage</name>
		<pose>Unspecified</pose>
		<truncated>0</truncated>
		<difficult>0</difficult>
		<bndbox>
			<xmin>2130</xmin>
			<ymin>340</ymin>
			<xmax>2210</xmax>
			<ymax>424</ymax>
		</bndbox>
	</object>
	<object>
		<name>color</name>
		<pose>Unspecified</pose>
		<truncated>0</truncated>
		<difficult>0</difficult>
		<bndbox>
			<xmin>1517</xmin>
			<ymin>333</ymin>
			<xmax>1793</xmax>
			<ymax>437</ymax>
		</bndbox>
	</object>
	<object>
		<name>style</name>
		<pose>Unspecified</pose>
		<truncated>0</truncated>
		<difficult>0</difficult>
		<bndbox>
			<xmin>1248</xmin>
			<ymin>333</ymin>
			<xmax>1517</xmax>
			<ymax>436</ymax>
		</bndbox>
	</object>
	<object>
		<name>model</name>
		<pose>Unspecified</pose>
		<truncated>0</truncated>
		<difficult>0</difficult>
		<bndbox>
			<xmin>973</xmin>
			<ymin>334</ymin>
			<xmax>1245</xmax>
			<ymax>437</ymax>
		</bndbox>
	</object>
	<object>
		<name>make</name>
		<pose>Unspecified</pose>
		<truncated>0</truncated>
		<difficult>0</difficult>
		<bndbox>
			<xmin>704</xmin>
			<ymin>333</ymin>
			<xmax>975</xmax>
			<ymax>440</ymax>
		</bndbox>
	</object>
	<object>
		<name>year</name>
		<pose>Unspecified</pose>
		<truncated>0</truncated>
		<difficult>0</difficult>
		<bndbox>
			<xmin>413</xmin>
			<ymin>330</ymin>
			<xmax>704</xmax>
			<ymax>443</ymax>
		</bndbox>
	</object>
	<object>
		<name>hit_run</name>
		<pose>Unspecified</pose>
		<truncated>0</truncated>
		<difficult>0</difficult>
		<bndbox>
			<xmin>306</xmin>
			<ymin>344</ymin>
			<xmax>389</xmax>
			<ymax>427</ymax>
		</bndbox>
	</object>
	<object>
		<name>type</name>
		<pose>Unspecified</pose>
		<truncated>0</truncated>
		<difficult>0</difficult>
		<bndbox>
			<xmin>414</xmin>
			<ymin>236</ymin>
			<xmax>501</xmax>
			<ymax>320</ymax>
		</bndbox>
	</object>
	<object>
		<name>license_no</name>
		<pose>Unspecified</pose>
		<truncated>0</truncated>
		<difficult>0</difficult>
		<bndbox>
			<xmin>517</xmin>
			<ymin>224</ymin>
			<xmax>982</xmax>
			<ymax>333</ymax>
		</bndbox>
	</object>
	<object>
		<name>state</name>
		<pose>Unspecified</pose>
		<truncated>0</truncated>
		<difficult>0</difficult>
		<bndbox>
			<xmin>987</xmin>
			<ymin>224</ymin>
			<xmax>1097</xmax>
			<ymax>327</ymax>
		</bndbox>
	</object>
	<object>
		<name>registration_expires</name>
		<pose>Unspecified</pose>
		<truncated>0</truncated>
		<difficult>0</difficult>
		<bndbox>
			<xmin>1097</xmin>
			<ymin>222</ymin>
			<xmax>1390</xmax>
			<ymax>330</ymax>
		</bndbox>
	</object>
	<object>
		<name>check_permanent_registration</name>
		<pose>Unspecified</pose>
		<truncated>0</truncated>
		<difficult>0</difficult>
		<bndbox>
			<xmin>1552</xmin>
			<ymin>264</ymin>
			<xmax>1608</xmax>
			<ymax>320</ymax>
		</bndbox>
	</object>
	<object>
		<name>VIN</name>
		<pose>Unspecified</pose>
		<truncated>0</truncated>
		<difficult>0</difficult>
		<bndbox>
			<xmin>1637</xmin>
			<ymin>220</ymin>
			<xmax>2442</xmax>
			<ymax>327</ymax>
		</bndbox>
	</object>
	<object>
		<name>hsmv_crash_report_no</name>
		<pose>Unspecified</pose>
		<truncated>0</truncated>
		<difficult>0</difficult>
		<bndbox>
			<xmin>1792</xmin>
			<ymin>110</ymin>
			<xmax>2439</xmax>
			<ymax>217</ymax>
		</bndbox>
	</object>
	<object>
		<name>reporting_agency_case_number</name>
		<pose>Unspecified</pose>
		<truncated>0</truncated>
		<difficult>0</difficult>
		<bndbox>
			<xmin>1213</xmin>
			<ymin>119</ymin>
			<xmax>1792</xmax>
			<ymax>220</ymax>
		</bndbox>
	</object>
	<object>
		<name>check_if_commercial</name>
		<pose>Unspecified</pose>
		<truncated>0</truncated>
		<difficult>0</difficult>
		<bndbox>
			<xmin>1017</xmin>
			<ymin>123</ymin>
			<xmax>1103</xmax>
			<ymax>214</ymax>
		</bndbox>
	</object>
	<object>
		<name>no</name>
		<pose>Unspecified</pose>
		<truncated>0</truncated>
		<difficult>0</difficult>
		<bndbox>
			<xmin>404</xmin>
			<ymin>124</ymin>
			<xmax>489</xmax>
			<ymax>212</ymax>
		</bndbox>
	</object>
</annotation>
