<annotation>
	<folder>vehicle_saugata</folder>
	<filename>303189437_1.png</filename>
	<path>/home/developer/Desktop/vehicle_saugata/303189437_1.png</path>
	<source>
		<database>Unknown</database>
	</source>
	<size>
		<width>2567</width>
		<height>3294</height>
		<depth>3</depth>
	</size>
	<segmented>0</segmented>
	<object>
		<name>person1</name>
		<pose>Unspecified</pose>
		<truncated>0</truncated>
		<difficult>0</difficult>
		<bndbox>
			<xmin>186</xmin>
			<ymin>2597</ymin>
			<xmax>320</xmax>
			<ymax>2701</ymax>
		</bndbox>
	</object>
	<object>
		<name>person2</name>
		<pose>Unspecified</pose>
		<truncated>0</truncated>
		<difficult>0</difficult>
		<bndbox>
			<xmin>185</xmin>
			<ymin>2703</ymin>
			<xmax>319</xmax>
			<ymax>2803</ymax>
		</bndbox>
	</object>
	<object>
		<name>person3</name>
		<pose>Unspecified</pose>
		<truncated>0</truncated>
		<difficult>0</difficult>
		<bndbox>
			<xmin>185</xmin>
			<ymin>2803</ymin>
			<xmax>319</xmax>
			<ymax>2908</ymax>
		</bndbox>
	</object>
	<object>
		<name>violator_name1</name>
		<pose>Unspecified</pose>
		<truncated>0</truncated>
		<difficult>0</difficult>
		<bndbox>
			<xmin>320</xmin>
			<ymin>2601</ymin>
			<xmax>968</xmax>
			<ymax>2702</ymax>
		</bndbox>
	</object>
	<object>
		<name>violator_name2</name>
		<pose>Unspecified</pose>
		<truncated>0</truncated>
		<difficult>0</difficult>
		<bndbox>
			<xmin>320</xmin>
			<ymin>2703</ymin>
			<xmax>967</xmax>
			<ymax>2806</ymax>
		</bndbox>
	</object>
	<object>
		<name>violator_name3</name>
		<pose>Unspecified</pose>
		<truncated>0</truncated>
		<difficult>0</difficult>
		<bndbox>
			<xmin>319</xmin>
			<ymin>2803</ymin>
			<xmax>967</xmax>
			<ymax>2910</ymax>
		</bndbox>
	</object>
	<object>
		<name>fl_statute_no1</name>
		<pose>Unspecified</pose>
		<truncated>0</truncated>
		<difficult>0</difficult>
		<bndbox>
			<xmin>969</xmin>
			<ymin>2600</ymin>
			<xmax>1410</xmax>
			<ymax>2702</ymax>
		</bndbox>
	</object>
	<object>
		<name>fl_statute_no2</name>
		<pose>Unspecified</pose>
		<truncated>0</truncated>
		<difficult>0</difficult>
		<bndbox>
			<xmin>968</xmin>
			<ymin>2702</ymin>
			<xmax>1410</xmax>
			<ymax>2807</ymax>
		</bndbox>
	</object>
	<object>
		<name>fl_statute_no3</name>
		<pose>Unspecified</pose>
		<truncated>0</truncated>
		<difficult>0</difficult>
		<bndbox>
			<xmin>968</xmin>
			<ymin>2807</ymin>
			<xmax>1410</xmax>
			<ymax>2909</ymax>
		</bndbox>
	</object>
	<object>
		<name>charge1</name>
		<pose>Unspecified</pose>
		<truncated>0</truncated>
		<difficult>0</difficult>
		<bndbox>
			<xmin>1413</xmin>
			<ymin>2602</ymin>
			<xmax>2028</xmax>
			<ymax>2703</ymax>
		</bndbox>
	</object>
	<object>
		<name>charge2</name>
		<pose>Unspecified</pose>
		<truncated>0</truncated>
		<difficult>0</difficult>
		<bndbox>
			<xmin>1412</xmin>
			<ymin>2703</ymin>
			<xmax>2028</xmax>
			<ymax>2807</ymax>
		</bndbox>
	</object>
	<object>
		<name>charge3</name>
		<pose>Unspecified</pose>
		<truncated>0</truncated>
		<difficult>0</difficult>
		<bndbox>
			<xmin>1412</xmin>
			<ymin>2807</ymin>
			<xmax>2026</xmax>
			<ymax>2907</ymax>
		</bndbox>
	</object>
	<object>
		<name>citation_no3</name>
		<pose>Unspecified</pose>
		<truncated>0</truncated>
		<difficult>0</difficult>
		<bndbox>
			<xmin>2026</xmin>
			<ymin>2808</ymin>
			<xmax>2379</xmax>
			<ymax>2907</ymax>
		</bndbox>
	</object>
	<object>
		<name>citation_no2</name>
		<pose>Unspecified</pose>
		<truncated>0</truncated>
		<difficult>0</difficult>
		<bndbox>
			<xmin>2028</xmin>
			<ymin>2706</ymin>
			<xmax>2378</xmax>
			<ymax>2807</ymax>
		</bndbox>
	</object>
	<object>
		<name>citation_no1</name>
		<pose>Unspecified</pose>
		<truncated>0</truncated>
		<difficult>0</difficult>
		<bndbox>
			<xmin>2028</xmin>
			<ymin>2602</ymin>
			<xmax>2378</xmax>
			<ymax>2702</ymax>
		</bndbox>
	</object>
	<object>
		<name>defects2</name>
		<pose>Unspecified</pose>
		<truncated>0</truncated>
		<difficult>0</difficult>
		<bndbox>
			<xmin>2187</xmin>
			<ymin>2183</ymin>
			<xmax>2272</xmax>
			<ymax>2273</ymax>
		</bndbox>
	</object>
	<object>
		<name>defects1</name>
		<pose>Unspecified</pose>
		<truncated>0</truncated>
		<difficult>0</difficult>
		<bndbox>
			<xmin>1976</xmin>
			<ymin>2213</ymin>
			<xmax>2059</xmax>
			<ymax>2298</ymax>
		</bndbox>
	</object>
	<object>
		<name>traffic_control_device</name>
		<pose>Unspecified</pose>
		<truncated>0</truncated>
		<difficult>0</difficult>
		<bndbox>
			<xmin>1499</xmin>
			<ymin>2224</ymin>
			<xmax>1581</xmax>
			<ymax>2309</ymax>
		</bndbox>
	</object>
	<object>
		<name>special_func_motor</name>
		<pose>Unspecified</pose>
		<truncated>0</truncated>
		<difficult>0</difficult>
		<bndbox>
			<xmin>213</xmin>
			<ymin>2430</ymin>
			<xmax>295</xmax>
			<ymax>2517</ymax>
		</bndbox>
	</object>
	<object>
		<name>vehicle_maneuver_action</name>
		<pose>Unspecified</pose>
		<truncated>0</truncated>
		<difficult>0</difficult>
		<bndbox>
			<xmin>843</xmin>
			<ymin>2223</ymin>
			<xmax>925</xmax>
			<ymax>2309</ymax>
		</bndbox>
	</object>
	<object>
		<name>roadway_alignment</name>
		<pose>Unspecified</pose>
		<truncated>0</truncated>
		<difficult>0</difficult>
		<bndbox>
			<xmin>519</xmin>
			<ymin>2299</ymin>
			<xmax>602</xmax>
			<ymax>2383</ymax>
		</bndbox>
	</object>
	<object>
		<name>roadway_grade</name>
		<pose>Unspecified</pose>
		<truncated>0</truncated>
		<difficult>0</difficult>
		<bndbox>
			<xmin>220</xmin>
			<ymin>2270</ymin>
			<xmax>300</xmax>
			<ymax>2357</ymax>
		</bndbox>
	</object>
	<object>
		<name>most_harmful_event</name>
		<pose>Unspecified</pose>
		<truncated>0</truncated>
		<difficult>0</difficult>
		<bndbox>
			<xmin>286</xmin>
			<ymin>1818</ymin>
			<xmax>369</xmax>
			<ymax>1902</ymax>
		</bndbox>
	</object>
	<object>
		<name>seq_of_events1</name>
		<pose>Unspecified</pose>
		<truncated>0</truncated>
		<difficult>0</difficult>
		<bndbox>
			<xmin>218</xmin>
			<ymin>1989</ymin>
			<xmax>298</xmax>
			<ymax>2072</ymax>
		</bndbox>
	</object>
	<object>
		<name>seq_of_events2</name>
		<pose>Unspecified</pose>
		<truncated>0</truncated>
		<difficult>0</difficult>
		<bndbox>
			<xmin>364</xmin>
			<ymin>1989</ymin>
			<xmax>450</xmax>
			<ymax>2077</ymax>
		</bndbox>
	</object>
	<object>
		<name>seq_of_events3</name>
		<pose>Unspecified</pose>
		<truncated>0</truncated>
		<difficult>0</difficult>
		<bndbox>
			<xmin>215</xmin>
			<ymin>2103</ymin>
			<xmax>298</xmax>
			<ymax>2190</ymax>
		</bndbox>
	</object>
	<object>
		<name>seq_of_events4</name>
		<pose>Unspecified</pose>
		<truncated>0</truncated>
		<difficult>0</difficult>
		<bndbox>
			<xmin>364</xmin>
			<ymin>2108</ymin>
			<xmax>450</xmax>
			<ymax>2191</ymax>
		</bndbox>
	</object>
	<object>
		<name>comm_noncomm</name>
		<pose>Unspecified</pose>
		<truncated>0</truncated>
		<difficult>0</difficult>
		<bndbox>
			<xmin>287</xmin>
			<ymin>1658</ymin>
			<xmax>369</xmax>
			<ymax>1740</ymax>
		</bndbox>
	</object>
	<object>
		<name>trailer_type1</name>
		<pose>Unspecified</pose>
		<truncated>0</truncated>
		<difficult>0</difficult>
		<bndbox>
			<xmin>956</xmin>
			<ymin>1589</ymin>
			<xmax>1035</xmax>
			<ymax>1668</ymax>
		</bndbox>
	</object>
	<object>
		<name>trailer_type2</name>
		<pose>Unspecified</pose>
		<truncated>0</truncated>
		<difficult>0</difficult>
		<bndbox>
			<xmin>1094</xmin>
			<ymin>1584</ymin>
			<xmax>1177</xmax>
			<ymax>1668</ymax>
		</bndbox>
	</object>
	<object>
		<name>comm_GVWR_GCWR</name>
		<pose>Unspecified</pose>
		<truncated>0</truncated>
		<difficult>0</difficult>
		<bndbox>
			<xmin>1220</xmin>
			<ymin>1740</ymin>
			<xmax>1300</xmax>
			<ymax>1826</ymax>
		</bndbox>
	</object>
	<object>
		<name>emergency_vehicle_use</name>
		<pose>Unspecified</pose>
		<truncated>0</truncated>
		<difficult>0</difficult>
		<bndbox>
			<xmin>2246</xmin>
			<ymin>1930</ymin>
			<xmax>2325</xmax>
			<ymax>2015</ymax>
		</bndbox>
	</object>
	<object>
		<name>cargo_body_type</name>
		<pose>Unspecified</pose>
		<truncated>0</truncated>
		<difficult>0</difficult>
		<bndbox>
			<xmin>1746</xmin>
			<ymin>1583</ymin>
			<xmax>1830</xmax>
			<ymax>1664</ymax>
		</bndbox>
	</object>
	<object>
		<name>comm_motor_vehicle_config</name>
		<pose>Unspecified</pose>
		<truncated>0</truncated>
		<difficult>0</difficult>
		<bndbox>
			<xmin>1420</xmin>
			<ymin>1331</ymin>
			<xmax>1500</xmax>
			<ymax>1417</ymax>
		</bndbox>
	</object>
	<object>
		<name>trafficway</name>
		<pose>Unspecified</pose>
		<truncated>0</truncated>
		<difficult>0</difficult>
		<bndbox>
			<xmin>865</xmin>
			<ymin>1299</ymin>
			<xmax>948</xmax>
			<ymax>1384</ymax>
		</bndbox>
	</object>
	<object>
		<name>body_type</name>
		<pose>Unspecified</pose>
		<truncated>0</truncated>
		<difficult>0</difficult>
		<bndbox>
			<xmin>322</xmin>
			<ymin>1331</ymin>
			<xmax>404</xmax>
			<ymax>1414</ymax>
		</bndbox>
	</object>
	<object>
		<name>motor_carrier_address</name>
		<pose>Unspecified</pose>
		<truncated>0</truncated>
		<difficult>0</difficult>
		<bndbox>
			<xmin>190</xmin>
			<ymin>1184</ymin>
			<xmax>2010</xmax>
			<ymax>1277</ymax>
		</bndbox>
	</object>
	<object>
		<name>phone_number</name>
		<pose>Unspecified</pose>
		<truncated>0</truncated>
		<difficult>0</difficult>
		<bndbox>
			<xmin>2010</xmin>
			<ymin>1187</ymin>
			<xmax>2380</xmax>
			<ymax>1277</ymax>
		</bndbox>
	</object>
	<object>
		<name>motor_carrier_name</name>
		<pose>Unspecified</pose>
		<truncated>0</truncated>
		<difficult>0</difficult>
		<bndbox>
			<xmin>188</xmin>
			<ymin>1079</ymin>
			<xmax>990</xmax>
			<ymax>1182</ymax>
		</bndbox>
	</object>
	<object>
		<name>us_dot_no</name>
		<pose>Unspecified</pose>
		<truncated>0</truncated>
		<difficult>0</difficult>
		<bndbox>
			<xmin>990</xmin>
			<ymin>1084</ymin>
			<xmax>1400</xmax>
			<ymax>1182</ymax>
		</bndbox>
	</object>
	<object>
		<name>haz_mat_class</name>
		<pose>Unspecified</pose>
		<truncated>0</truncated>
		<difficult>0</difficult>
		<bndbox>
			<xmin>1093</xmin>
			<ymin>972</ymin>
			<xmax>1400</xmax>
			<ymax>1072</ymax>
		</bndbox>
	</object>
	<object>
		<name>haz_mat_no</name>
		<pose>Unspecified</pose>
		<truncated>0</truncated>
		<difficult>0</difficult>
		<bndbox>
			<xmin>797</xmin>
			<ymin>975</ymin>
			<xmax>1090</xmax>
			<ymax>1079</ymax>
		</bndbox>
	</object>
	<object>
		<name>placard</name>
		<pose>Unspecified</pose>
		<truncated>0</truncated>
		<difficult>0</difficult>
		<bndbox>
			<xmin>702</xmin>
			<ymin>999</ymin>
			<xmax>771</xmax>
			<ymax>1067</ymax>
		</bndbox>
	</object>
	<object>
		<name>released</name>
		<pose>Unspecified</pose>
		<truncated>0</truncated>
		<difficult>0</difficult>
		<bndbox>
			<xmin>385</xmin>
			<ymin>1001</ymin>
			<xmax>451</xmax>
			<ymax>1067</ymax>
		</bndbox>
	</object>
	<object>
		<name>direction_north</name>
		<pose>Unspecified</pose>
		<truncated>0</truncated>
		<difficult>0</difficult>
		<bndbox>
			<xmin>336</xmin>
			<ymin>913</ymin>
			<xmax>379</xmax>
			<ymax>953</ymax>
		</bndbox>
	</object>
	<object>
		<name>direction_south</name>
		<pose>Unspecified</pose>
		<truncated>0</truncated>
		<difficult>0</difficult>
		<bndbox>
			<xmin>407</xmin>
			<ymin>912</ymin>
			<xmax>453</xmax>
			<ymax>955</ymax>
		</bndbox>
	</object>
	<object>
		<name>direction_east</name>
		<pose>Unspecified</pose>
		<truncated>0</truncated>
		<difficult>0</difficult>
		<bndbox>
			<xmin>478</xmin>
			<ymin>912</ymin>
			<xmax>523</xmax>
			<ymax>954</ymax>
		</bndbox>
	</object>
	<object>
		<name>direction_west</name>
		<pose>Unspecified</pose>
		<truncated>0</truncated>
		<difficult>0</difficult>
		<bndbox>
			<xmin>548</xmin>
			<ymin>912</ymin>
			<xmax>593</xmax>
			<ymax>957</ymax>
		</bndbox>
	</object>
	<object>
		<name>direction_offroad</name>
		<pose>Unspecified</pose>
		<truncated>0</truncated>
		<difficult>0</difficult>
		<bndbox>
			<xmin>636</xmin>
			<ymin>913</ymin>
			<xmax>682</xmax>
			<ymax>955</ymax>
		</bndbox>
	</object>
	<object>
		<name>direction_unknown</name>
		<pose>Unspecified</pose>
		<truncated>0</truncated>
		<difficult>0</difficult>
		<bndbox>
			<xmin>754</xmin>
			<ymin>914</ymin>
			<xmax>799</xmax>
			<ymax>953</ymax>
		</bndbox>
	</object>
	<object>
		<name>street_road_highway</name>
		<pose>Unspecified</pose>
		<truncated>0</truncated>
		<difficult>0</difficult>
		<bndbox>
			<xmin>960</xmin>
			<ymin>869</ymin>
			<xmax>1838</xmax>
			<ymax>975</ymax>
		</bndbox>
	</object>
	<object>
		<name>est_speed</name>
		<pose>Unspecified</pose>
		<truncated>0</truncated>
		<difficult>0</difficult>
		<bndbox>
			<xmin>1838</xmin>
			<ymin>875</ymin>
			<xmax>2012</xmax>
			<ymax>975</ymax>
		</bndbox>
	</object>
	<object>
		<name>posted_speed</name>
		<pose>Unspecified</pose>
		<truncated>0</truncated>
		<difficult>0</difficult>
		<bndbox>
			<xmin>2013</xmin>
			<ymin>872</ymin>
			<xmax>2205</xmax>
			<ymax>972</ymax>
		</bndbox>
	</object>
	<object>
		<name>total_lanes</name>
		<pose>Unspecified</pose>
		<truncated>0</truncated>
		<difficult>0</difficult>
		<bndbox>
			<xmin>2206</xmin>
			<ymin>872</ymin>
			<xmax>2378</xmax>
			<ymax>976</ymax>
		</bndbox>
	</object>
	<object>
		<name>axles_trailer1</name>
		<pose>Unspecified</pose>
		<truncated>0</truncated>
		<difficult>0</difficult>
		<bndbox>
			<xmin>2241</xmin>
			<ymin>662</ymin>
			<xmax>2379</xmax>
			<ymax>767</ymax>
		</bndbox>
	</object>
	<object>
		<name>axles_trailer2</name>
		<pose>Unspecified</pose>
		<truncated>0</truncated>
		<difficult>0</difficult>
		<bndbox>
			<xmin>2241</xmin>
			<ymin>768</ymin>
			<xmax>2378</xmax>
			<ymax>868</ymax>
		</bndbox>
	</object>
	<object>
		<name>length_trailer1</name>
		<pose>Unspecified</pose>
		<truncated>0</truncated>
		<difficult>0</difficult>
		<bndbox>
			<xmin>2096</xmin>
			<ymin>661</ymin>
			<xmax>2243</xmax>
			<ymax>768</ymax>
		</bndbox>
	</object>
	<object>
		<name>length_trailer2</name>
		<pose>Unspecified</pose>
		<truncated>0</truncated>
		<difficult>0</difficult>
		<bndbox>
			<xmin>2098</xmin>
			<ymin>765</ymin>
			<xmax>2240</xmax>
			<ymax>869</ymax>
		</bndbox>
	</object>
	<object>
		<name>make_trailer1</name>
		<pose>Unspecified</pose>
		<truncated>0</truncated>
		<difficult>0</difficult>
		<bndbox>
			<xmin>1892</xmin>
			<ymin>662</ymin>
			<xmax>2096</xmax>
			<ymax>764</ymax>
		</bndbox>
	</object>
	<object>
		<name>make_trailer2</name>
		<pose>Unspecified</pose>
		<truncated>0</truncated>
		<difficult>0</difficult>
		<bndbox>
			<xmin>1896</xmin>
			<ymin>765</ymin>
			<xmax>2099</xmax>
			<ymax>869</ymax>
		</bndbox>
	</object>
	<object>
		<name>year_trailer1</name>
		<pose>Unspecified</pose>
		<truncated>0</truncated>
		<difficult>0</difficult>
		<bndbox>
			<xmin>1741</xmin>
			<ymin>667</ymin>
			<xmax>1895</xmax>
			<ymax>767</ymax>
		</bndbox>
	</object>
	<object>
		<name>year_trailer2</name>
		<pose>Unspecified</pose>
		<truncated>0</truncated>
		<difficult>0</difficult>
		<bndbox>
			<xmin>1744</xmin>
			<ymin>765</ymin>
			<xmax>1892</xmax>
			<ymax>871</ymax>
		</bndbox>
	</object>
	<object>
		<name>vin_trailer1</name>
		<pose>Unspecified</pose>
		<truncated>0</truncated>
		<difficult>0</difficult>
		<bndbox>
			<xmin>1191</xmin>
			<ymin>664</ymin>
			<xmax>1743</xmax>
			<ymax>765</ymax>
		</bndbox>
	</object>
	<object>
		<name>vin_trailer2</name>
		<pose>Unspecified</pose>
		<truncated>0</truncated>
		<difficult>0</difficult>
		<bndbox>
			<xmin>1191</xmin>
			<ymin>765</ymin>
			<xmax>1743</xmax>
			<ymax>869</ymax>
		</bndbox>
	</object>
	<object>
		<name>check_permanent_registration_trailer1</name>
		<pose>Unspecified</pose>
		<truncated>0</truncated>
		<difficult>0</difficult>
		<bndbox>
			<xmin>1112</xmin>
			<ymin>705</ymin>
			<xmax>1165</xmax>
			<ymax>758</ymax>
		</bndbox>
	</object>
	<object>
		<name>check_permanent_registration_trailer2</name>
		<pose>Unspecified</pose>
		<truncated>0</truncated>
		<difficult>0</difficult>
		<bndbox>
			<xmin>1113</xmin>
			<ymin>807</ymin>
			<xmax>1168</xmax>
			<ymax>862</ymax>
		</bndbox>
	</object>
	<object>
		<name>registration_expires_trailer1</name>
		<pose>Unspecified</pose>
		<truncated>0</truncated>
		<difficult>0</difficult>
		<bndbox>
			<xmin>675</xmin>
			<ymin>665</ymin>
			<xmax>958</xmax>
			<ymax>765</ymax>
		</bndbox>
	</object>
	<object>
		<name>registration_expires_trailer2</name>
		<pose>Unspecified</pose>
		<truncated>0</truncated>
		<difficult>0</difficult>
		<bndbox>
			<xmin>678</xmin>
			<ymin>768</ymin>
			<xmax>958</xmax>
			<ymax>868</ymax>
		</bndbox>
	</object>
	<object>
		<name>state_trailer1</name>
		<pose>Unspecified</pose>
		<truncated>0</truncated>
		<difficult>0</difficult>
		<bndbox>
			<xmin>544</xmin>
			<ymin>664</ymin>
			<xmax>675</xmax>
			<ymax>764</ymax>
		</bndbox>
	</object>
	<object>
		<name>state_trailer2</name>
		<pose>Unspecified</pose>
		<truncated>0</truncated>
		<difficult>0</difficult>
		<bndbox>
			<xmin>544</xmin>
			<ymin>765</ymin>
			<xmax>672</xmax>
			<ymax>868</ymax>
		</bndbox>
	</object>
	<object>
		<name>license_number_trailer1</name>
		<pose>Unspecified</pose>
		<truncated>0</truncated>
		<difficult>0</difficult>
		<bndbox>
			<xmin>317</xmin>
			<ymin>665</ymin>
			<xmax>545</xmax>
			<ymax>762</ymax>
		</bndbox>
	</object>
	<object>
		<name>license_number_trailer2</name>
		<pose>Unspecified</pose>
		<truncated>0</truncated>
		<difficult>0</difficult>
		<bndbox>
			<xmin>317</xmin>
			<ymin>771</ymin>
			<xmax>548</xmax>
			<ymax>871</ymax>
		</bndbox>
	</object>
	<object>
		<name>trailer1</name>
		<pose>Unspecified</pose>
		<truncated>0</truncated>
		<difficult>0</difficult>
		<bndbox>
			<xmin>188</xmin>
			<ymin>667</ymin>
			<xmax>316</xmax>
			<ymax>771</ymax>
		</bndbox>
	</object>
	<object>
		<name>trailer2</name>
		<pose>Unspecified</pose>
		<truncated>0</truncated>
		<difficult>0</difficult>
		<bndbox>
			<xmin>192</xmin>
			<ymin>769</ymin>
			<xmax>314</xmax>
			<ymax>872</ymax>
		</bndbox>
	</object>
	<object>
		<name>owner_details</name>
		<pose>Unspecified</pose>
		<truncated>0</truncated>
		<difficult>0</difficult>
		<bndbox>
			<xmin>193</xmin>
			<ymin>565</ymin>
			<xmax>2378</xmax>
			<ymax>667</ymax>
		</bndbox>
	</object>
	<object>
		<name>insurance_company</name>
		<pose>Unspecified</pose>
		<truncated>0</truncated>
		<difficult>0</difficult>
		<bndbox>
			<xmin>193</xmin>
			<ymin>467</ymin>
			<xmax>866</xmax>
			<ymax>560</ymax>
		</bndbox>
	</object>
	<object>
		<name>insurance_policy_no</name>
		<pose>Unspecified</pose>
		<truncated>0</truncated>
		<difficult>0</difficult>
		<bndbox>
			<xmin>871</xmin>
			<ymin>470</ymin>
			<xmax>1288</xmax>
			<ymax>562</ymax>
		</bndbox>
	</object>
	<object>
		<name>towed</name>
		<pose>Unspecified</pose>
		<truncated>0</truncated>
		<difficult>0</difficult>
		<bndbox>
			<xmin>1455</xmin>
			<ymin>476</ymin>
			<xmax>1531</xmax>
			<ymax>555</ymax>
		</bndbox>
	</object>
	<object>
		<name>removed</name>
		<pose>Unspecified</pose>
		<truncated>0</truncated>
		<difficult>0</difficult>
		<bndbox>
			<xmin>1550</xmin>
			<ymin>465</ymin>
			<xmax>2027</xmax>
			<ymax>568</ymax>
		</bndbox>
	</object>
	<object>
		<name>rotation</name>
		<pose>Unspecified</pose>
		<truncated>0</truncated>
		<difficult>0</difficult>
		<bndbox>
			<xmin>2287</xmin>
			<ymin>469</ymin>
			<xmax>2362</xmax>
			<ymax>540</ymax>
		</bndbox>
	</object>
	<object>
		<name>est_amount</name>
		<pose>Unspecified</pose>
		<truncated>0</truncated>
		<difficult>0</difficult>
		<bndbox>
			<xmin>2178</xmin>
			<ymin>359</ymin>
			<xmax>2380</xmax>
			<ymax>461</ymax>
		</bndbox>
	</object>
	<object>
		<name>damage</name>
		<pose>Unspecified</pose>
		<truncated>0</truncated>
		<difficult>0</difficult>
		<bndbox>
			<xmin>2081</xmin>
			<ymin>374</ymin>
			<xmax>2159</xmax>
			<ymax>453</ymax>
		</bndbox>
	</object>
	<object>
		<name>color</name>
		<pose>Unspecified</pose>
		<truncated>0</truncated>
		<difficult>0</difficult>
		<bndbox>
			<xmin>1504</xmin>
			<ymin>359</ymin>
			<xmax>1761</xmax>
			<ymax>465</ymax>
		</bndbox>
	</object>
	<object>
		<name>style</name>
		<pose>Unspecified</pose>
		<truncated>0</truncated>
		<difficult>0</difficult>
		<bndbox>
			<xmin>1250</xmin>
			<ymin>361</ymin>
			<xmax>1504</xmax>
			<ymax>465</ymax>
		</bndbox>
	</object>
	<object>
		<name>model</name>
		<pose>Unspecified</pose>
		<truncated>0</truncated>
		<difficult>0</difficult>
		<bndbox>
			<xmin>990</xmin>
			<ymin>360</ymin>
			<xmax>1250</xmax>
			<ymax>465</ymax>
		</bndbox>
	</object>
	<object>
		<name>make</name>
		<pose>Unspecified</pose>
		<truncated>0</truncated>
		<difficult>0</difficult>
		<bndbox>
			<xmin>737</xmin>
			<ymin>363</ymin>
			<xmax>994</xmax>
			<ymax>463</ymax>
		</bndbox>
	</object>
	<object>
		<name>year</name>
		<pose>Unspecified</pose>
		<truncated>0</truncated>
		<difficult>0</difficult>
		<bndbox>
			<xmin>466</xmin>
			<ymin>362</ymin>
			<xmax>737</xmax>
			<ymax>465</ymax>
		</bndbox>
	</object>
	<object>
		<name>year</name>
		<pose>Unspecified</pose>
		<truncated>0</truncated>
		<difficult>0</difficult>
		<bndbox>
			<xmin>465</xmin>
			<ymin>360</ymin>
			<xmax>733</xmax>
			<ymax>461</ymax>
		</bndbox>
	</object>
	<object>
		<name>hit_run</name>
		<pose>Unspecified</pose>
		<truncated>0</truncated>
		<difficult>0</difficult>
		<bndbox>
			<xmin>367</xmin>
			<ymin>373</ymin>
			<xmax>440</xmax>
			<ymax>453</ymax>
		</bndbox>
	</object>
	<object>
		<name>type</name>
		<pose>Unspecified</pose>
		<truncated>0</truncated>
		<difficult>0</difficult>
		<bndbox>
			<xmin>467</xmin>
			<ymin>266</ymin>
			<xmax>550</xmax>
			<ymax>352</ymax>
		</bndbox>
	</object>
	<object>
		<name>license_no</name>
		<pose>Unspecified</pose>
		<truncated>0</truncated>
		<difficult>0</difficult>
		<bndbox>
			<xmin>563</xmin>
			<ymin>259</ymin>
			<xmax>1004</xmax>
			<ymax>358</ymax>
		</bndbox>
	</object>
	<object>
		<name>state</name>
		<pose>Unspecified</pose>
		<truncated>0</truncated>
		<difficult>0</difficult>
		<bndbox>
			<xmin>1004</xmin>
			<ymin>259</ymin>
			<xmax>1110</xmax>
			<ymax>358</ymax>
		</bndbox>
	</object>
	<object>
		<name>registration_expires</name>
		<pose>Unspecified</pose>
		<truncated>0</truncated>
		<difficult>0</difficult>
		<bndbox>
			<xmin>1112</xmin>
			<ymin>260</ymin>
			<xmax>1385</xmax>
			<ymax>358</ymax>
		</bndbox>
	</object>
	<object>
		<name>check_permanent_registration</name>
		<pose>Unspecified</pose>
		<truncated>0</truncated>
		<difficult>0</difficult>
		<bndbox>
			<xmin>1534</xmin>
			<ymin>295</ymin>
			<xmax>1584</xmax>
			<ymax>350</ymax>
		</bndbox>
	</object>
	<object>
		<name>VIN</name>
		<pose>Unspecified</pose>
		<truncated>0</truncated>
		<difficult>0</difficult>
		<bndbox>
			<xmin>1615</xmin>
			<ymin>258</ymin>
			<xmax>2380</xmax>
			<ymax>359</ymax>
		</bndbox>
	</object>
	<object>
		<name>hsmv_crash_report_no</name>
		<pose>Unspecified</pose>
		<truncated>0</truncated>
		<difficult>0</difficult>
		<bndbox>
			<xmin>1762</xmin>
			<ymin>159</ymin>
			<xmax>2382</xmax>
			<ymax>259</ymax>
		</bndbox>
	</object>
	<object>
		<name>reporting_agency_case_number</name>
		<pose>Unspecified</pose>
		<truncated>0</truncated>
		<difficult>0</difficult>
		<bndbox>
			<xmin>1218</xmin>
			<ymin>159</ymin>
			<xmax>1760</xmax>
			<ymax>258</ymax>
		</bndbox>
	</object>
	<object>
		<name>check_if_commercial</name>
		<pose>Unspecified</pose>
		<truncated>0</truncated>
		<difficult>0</difficult>
		<bndbox>
			<xmin>1035</xmin>
			<ymin>167</ymin>
			<xmax>1114</xmax>
			<ymax>246</ymax>
		</bndbox>
	</object>
	<object>
		<name>no</name>
		<pose>Unspecified</pose>
		<truncated>0</truncated>
		<difficult>0</difficult>
		<bndbox>
			<xmin>458</xmin>
			<ymin>162</ymin>
			<xmax>538</xmax>
			<ymax>248</ymax>
		</bndbox>
	</object>
</annotation>
