<annotation>
	<folder>vehicle_saugata</folder>
	<filename>304613265_2.png</filename>
	<path>/home/developer/Desktop/vehicle_saugata/304613265_2.png</path>
	<source>
		<database>Unknown</database>
	</source>
	<size>
		<width>2480</width>
		<height>3508</height>
		<depth>3</depth>
	</size>
	<segmented>0</segmented>
	<object>
		<name>person1</name>
		<pose>Unspecified</pose>
		<truncated>0</truncated>
		<difficult>0</difficult>
		<bndbox>
			<xmin>122</xmin>
			<ymin>2766</ymin>
			<xmax>257</xmax>
			<ymax>2879</ymax>
		</bndbox>
	</object>
	<object>
		<name>person2</name>
		<pose>Unspecified</pose>
		<truncated>0</truncated>
		<difficult>0</difficult>
		<bndbox>
			<xmin>118</xmin>
			<ymin>2877</ymin>
			<xmax>263</xmax>
			<ymax>2987</ymax>
		</bndbox>
	</object>
	<object>
		<name>person3</name>
		<pose>Unspecified</pose>
		<truncated>0</truncated>
		<difficult>0</difficult>
		<bndbox>
			<xmin>120</xmin>
			<ymin>2985</ymin>
			<xmax>261</xmax>
			<ymax>3087</ymax>
		</bndbox>
	</object>
	<object>
		<name>violator_name1</name>
		<pose>Unspecified</pose>
		<truncated>0</truncated>
		<difficult>0</difficult>
		<bndbox>
			<xmin>259</xmin>
			<ymin>2772</ymin>
			<xmax>927</xmax>
			<ymax>2877</ymax>
		</bndbox>
	</object>
	<object>
		<name>violator_name2</name>
		<pose>Unspecified</pose>
		<truncated>0</truncated>
		<difficult>0</difficult>
		<bndbox>
			<xmin>263</xmin>
			<ymin>2875</ymin>
			<xmax>929</xmax>
			<ymax>2983</ymax>
		</bndbox>
	</object>
	<object>
		<name>violator_name3</name>
		<pose>Unspecified</pose>
		<truncated>0</truncated>
		<difficult>0</difficult>
		<bndbox>
			<xmin>261</xmin>
			<ymin>2985</ymin>
			<xmax>929</xmax>
			<ymax>3087</ymax>
		</bndbox>
	</object>
	<object>
		<name>fl_statute_no1</name>
		<pose>Unspecified</pose>
		<truncated>0</truncated>
		<difficult>0</difficult>
		<bndbox>
			<xmin>929</xmin>
			<ymin>2770</ymin>
			<xmax>1388</xmax>
			<ymax>2881</ymax>
		</bndbox>
	</object>
	<object>
		<name>fl_statute_no2</name>
		<pose>Unspecified</pose>
		<truncated>0</truncated>
		<difficult>0</difficult>
		<bndbox>
			<xmin>922</xmin>
			<ymin>2875</ymin>
			<xmax>1390</xmax>
			<ymax>2983</ymax>
		</bndbox>
	</object>
	<object>
		<name>fl_statute_no3</name>
		<pose>Unspecified</pose>
		<truncated>0</truncated>
		<difficult>0</difficult>
		<bndbox>
			<xmin>924</xmin>
			<ymin>2987</ymin>
			<xmax>1384</xmax>
			<ymax>3091</ymax>
		</bndbox>
	</object>
	<object>
		<name>charge1</name>
		<pose>Unspecified</pose>
		<truncated>0</truncated>
		<difficult>0</difficult>
		<bndbox>
			<xmin>1386</xmin>
			<ymin>2768</ymin>
			<xmax>2018</xmax>
			<ymax>2877</ymax>
		</bndbox>
	</object>
	<object>
		<name>charge2</name>
		<pose>Unspecified</pose>
		<truncated>0</truncated>
		<difficult>0</difficult>
		<bndbox>
			<xmin>1384</xmin>
			<ymin>2879</ymin>
			<xmax>2016</xmax>
			<ymax>2983</ymax>
		</bndbox>
	</object>
	<object>
		<name>charge3</name>
		<pose>Unspecified</pose>
		<truncated>0</truncated>
		<difficult>0</difficult>
		<bndbox>
			<xmin>1390</xmin>
			<ymin>2985</ymin>
			<xmax>2014</xmax>
			<ymax>3091</ymax>
		</bndbox>
	</object>
	<object>
		<name>citation_no1</name>
		<pose>Unspecified</pose>
		<truncated>0</truncated>
		<difficult>0</difficult>
		<bndbox>
			<xmin>2010</xmin>
			<ymin>2766</ymin>
			<xmax>2373</xmax>
			<ymax>2879</ymax>
		</bndbox>
	</object>
	<object>
		<name>citation_no2</name>
		<pose>Unspecified</pose>
		<truncated>0</truncated>
		<difficult>0</difficult>
		<bndbox>
			<xmin>2012</xmin>
			<ymin>2872</ymin>
			<xmax>2371</xmax>
			<ymax>2987</ymax>
		</bndbox>
	</object>
	<object>
		<name>citation_no3</name>
		<pose>Unspecified</pose>
		<truncated>0</truncated>
		<difficult>0</difficult>
		<bndbox>
			<xmin>2014</xmin>
			<ymin>2983</ymin>
			<xmax>2367</xmax>
			<ymax>3089</ymax>
		</bndbox>
	</object>
	<object>
		<name>special_func_motor</name>
		<pose>Unspecified</pose>
		<truncated>0</truncated>
		<difficult>0</difficult>
		<bndbox>
			<xmin>149</xmin>
			<ymin>2596</ymin>
			<xmax>234</xmax>
			<ymax>2683</ymax>
		</bndbox>
	</object>
	<object>
		<name>traffic_control_device</name>
		<pose>Unspecified</pose>
		<truncated>0</truncated>
		<difficult>0</difficult>
		<bndbox>
			<xmin>1475</xmin>
			<ymin>2385</ymin>
			<xmax>1563</xmax>
			<ymax>2475</ymax>
		</bndbox>
	</object>
	<object>
		<name>defects1</name>
		<pose>Unspecified</pose>
		<truncated>0</truncated>
		<difficult>0</difficult>
		<bndbox>
			<xmin>1960</xmin>
			<ymin>2374</ymin>
			<xmax>2044</xmax>
			<ymax>2458</ymax>
		</bndbox>
	</object>
	<object>
		<name>defects2</name>
		<pose>Unspecified</pose>
		<truncated>0</truncated>
		<difficult>0</difficult>
		<bndbox>
			<xmin>2173</xmin>
			<ymin>2339</ymin>
			<xmax>2262</xmax>
			<ymax>2429</ymax>
		</bndbox>
	</object>
	<object>
		<name>emergency_vehicle_use</name>
		<pose>Unspecified</pose>
		<truncated>0</truncated>
		<difficult>0</difficult>
		<bndbox>
			<xmin>2234</xmin>
			<ymin>2080</ymin>
			<xmax>2317</xmax>
			<ymax>2171</ymax>
		</bndbox>
	</object>
	<object>
		<name>seq_of_events1</name>
		<pose>Unspecified</pose>
		<truncated>0</truncated>
		<difficult>0</difficult>
		<bndbox>
			<xmin>153</xmin>
			<ymin>2140</ymin>
			<xmax>234</xmax>
			<ymax>2226</ymax>
		</bndbox>
	</object>
	<object>
		<name>seq_of_events2</name>
		<pose>Unspecified</pose>
		<truncated>0</truncated>
		<difficult>0</difficult>
		<bndbox>
			<xmin>306</xmin>
			<ymin>2139</ymin>
			<xmax>391</xmax>
			<ymax>2230</ymax>
		</bndbox>
	</object>
	<object>
		<name>seq_of_events3</name>
		<pose>Unspecified</pose>
		<truncated>0</truncated>
		<difficult>0</difficult>
		<bndbox>
			<xmin>151</xmin>
			<ymin>2262</ymin>
			<xmax>235</xmax>
			<ymax>2349</ymax>
		</bndbox>
	</object>
	<object>
		<name>seq_of_events4</name>
		<pose>Unspecified</pose>
		<truncated>0</truncated>
		<difficult>0</difficult>
		<bndbox>
			<xmin>306</xmin>
			<ymin>2260</ymin>
			<xmax>390</xmax>
			<ymax>2353</ymax>
		</bndbox>
	</object>
	<object>
		<name>roadway_grade</name>
		<pose>Unspecified</pose>
		<truncated>0</truncated>
		<difficult>0</difficult>
		<bndbox>
			<xmin>155</xmin>
			<ymin>2431</ymin>
			<xmax>239</xmax>
			<ymax>2524</ymax>
		</bndbox>
	</object>
	<object>
		<name>roadway_alignment</name>
		<pose>Unspecified</pose>
		<truncated>0</truncated>
		<difficult>0</difficult>
		<bndbox>
			<xmin>464</xmin>
			<ymin>2460</ymin>
			<xmax>551</xmax>
			<ymax>2551</ymax>
		</bndbox>
	</object>
	<object>
		<name>vehicle_maneuver_action</name>
		<pose>Unspecified</pose>
		<truncated>0</truncated>
		<difficult>0</difficult>
		<bndbox>
			<xmin>796</xmin>
			<ymin>2382</ymin>
			<xmax>879</xmax>
			<ymax>2467</ymax>
		</bndbox>
	</object>
	<object>
		<name>most_harmful_event</name>
		<pose>Unspecified</pose>
		<truncated>0</truncated>
		<difficult>0</difficult>
		<bndbox>
			<xmin>224</xmin>
			<ymin>1966</ymin>
			<xmax>308</xmax>
			<ymax>2054</ymax>
		</bndbox>
	</object>
	<object>
		<name>comm_GVWR_GCWR</name>
		<pose>Unspecified</pose>
		<truncated>0</truncated>
		<difficult>0</difficult>
		<bndbox>
			<xmin>1184</xmin>
			<ymin>1884</ymin>
			<xmax>1267</xmax>
			<ymax>1970</ymax>
		</bndbox>
	</object>
	<object>
		<name>trailer_type1</name>
		<pose>Unspecified</pose>
		<truncated>0</truncated>
		<difficult>0</difficult>
		<bndbox>
			<xmin>912</xmin>
			<ymin>1726</ymin>
			<xmax>997</xmax>
			<ymax>1813</ymax>
		</bndbox>
	</object>
	<object>
		<name>trailer_type2</name>
		<pose>Unspecified</pose>
		<truncated>0</truncated>
		<difficult>0</difficult>
		<bndbox>
			<xmin>1051</xmin>
			<ymin>1723</ymin>
			<xmax>1137</xmax>
			<ymax>1809</ymax>
		</bndbox>
	</object>
	<object>
		<name>cargo_body_type</name>
		<pose>Unspecified</pose>
		<truncated>0</truncated>
		<difficult>0</difficult>
		<bndbox>
			<xmin>1722</xmin>
			<ymin>1714</ymin>
			<xmax>1814</xmax>
			<ymax>1809</ymax>
		</bndbox>
	</object>
	<object>
		<name>comm_noncomm</name>
		<pose>Unspecified</pose>
		<truncated>0</truncated>
		<difficult>0</difficult>
		<bndbox>
			<xmin>222</xmin>
			<ymin>1799</ymin>
			<xmax>310</xmax>
			<ymax>1884</ymax>
		</bndbox>
	</object>
	<object>
		<name>body_type</name>
		<pose>Unspecified</pose>
		<truncated>0</truncated>
		<difficult>0</difficult>
		<bndbox>
			<xmin>261</xmin>
			<ymin>1460</ymin>
			<xmax>344</xmax>
			<ymax>1550</ymax>
		</bndbox>
	</object>
	<object>
		<name>trafficway</name>
		<pose>Unspecified</pose>
		<truncated>0</truncated>
		<difficult>0</difficult>
		<bndbox>
			<xmin>820</xmin>
			<ymin>1424</ymin>
			<xmax>903</xmax>
			<ymax>1521</ymax>
		</bndbox>
	</object>
	<object>
		<name>comm_motor_vehicle_config</name>
		<pose>Unspecified</pose>
		<truncated>0</truncated>
		<difficult>0</difficult>
		<bndbox>
			<xmin>1392</xmin>
			<ymin>1460</ymin>
			<xmax>1475</xmax>
			<ymax>1552</ymax>
		</bndbox>
	</object>
	<object>
		<name>motor_carrier_address</name>
		<pose>Unspecified</pose>
		<truncated>0</truncated>
		<difficult>0</difficult>
		<bndbox>
			<xmin>113</xmin>
			<ymin>1303</ymin>
			<xmax>1997</xmax>
			<ymax>1413</ymax>
		</bndbox>
	</object>
	<object>
		<name>phone_number</name>
		<pose>Unspecified</pose>
		<truncated>0</truncated>
		<difficult>0</difficult>
		<bndbox>
			<xmin>1997</xmin>
			<ymin>1305</ymin>
			<xmax>2372</xmax>
			<ymax>1413</ymax>
		</bndbox>
	</object>
	<object>
		<name>motor_carrier_name</name>
		<pose>Unspecified</pose>
		<truncated>0</truncated>
		<difficult>0</difficult>
		<bndbox>
			<xmin>115</xmin>
			<ymin>1195</ymin>
			<xmax>949</xmax>
			<ymax>1313</ymax>
		</bndbox>
	</object>
	<object>
		<name>us_dot_no</name>
		<pose>Unspecified</pose>
		<truncated>0</truncated>
		<difficult>0</difficult>
		<bndbox>
			<xmin>943</xmin>
			<ymin>1197</ymin>
			<xmax>1374</xmax>
			<ymax>1308</ymax>
		</bndbox>
	</object>
	<object>
		<name>released</name>
		<pose>Unspecified</pose>
		<truncated>0</truncated>
		<difficult>0</difficult>
		<bndbox>
			<xmin>325</xmin>
			<ymin>1126</ymin>
			<xmax>395</xmax>
			<ymax>1187</ymax>
		</bndbox>
	</object>
	<object>
		<name>placard</name>
		<pose>Unspecified</pose>
		<truncated>0</truncated>
		<difficult>0</difficult>
		<bndbox>
			<xmin>651</xmin>
			<ymin>1123</ymin>
			<xmax>723</xmax>
			<ymax>1190</ymax>
		</bndbox>
	</object>
	<object>
		<name>haz_mat_no</name>
		<pose>Unspecified</pose>
		<truncated>0</truncated>
		<difficult>0</difficult>
		<bndbox>
			<xmin>749</xmin>
			<ymin>1095</ymin>
			<xmax>1051</xmax>
			<ymax>1195</ymax>
		</bndbox>
	</object>
	<object>
		<name>haz_mat_class</name>
		<pose>Unspecified</pose>
		<truncated>0</truncated>
		<difficult>0</difficult>
		<bndbox>
			<xmin>1054</xmin>
			<ymin>1095</ymin>
			<xmax>1379</xmax>
			<ymax>1197</ymax>
		</bndbox>
	</object>
	<object>
		<name>direction_north</name>
		<pose>Unspecified</pose>
		<truncated>0</truncated>
		<difficult>0</difficult>
		<bndbox>
			<xmin>274</xmin>
			<ymin>1033</ymin>
			<xmax>319</xmax>
			<ymax>1079</ymax>
		</bndbox>
	</object>
	<object>
		<name>direction_south</name>
		<pose>Unspecified</pose>
		<truncated>0</truncated>
		<difficult>0</difficult>
		<bndbox>
			<xmin>345</xmin>
			<ymin>1028</ymin>
			<xmax>393</xmax>
			<ymax>1075</ymax>
		</bndbox>
	</object>
	<object>
		<name>direction_east</name>
		<pose>Unspecified</pose>
		<truncated>0</truncated>
		<difficult>0</difficult>
		<bndbox>
			<xmin>417</xmin>
			<ymin>1028</ymin>
			<xmax>470</xmax>
			<ymax>1079</ymax>
		</bndbox>
	</object>
	<object>
		<name>direction_west</name>
		<pose>Unspecified</pose>
		<truncated>0</truncated>
		<difficult>0</difficult>
		<bndbox>
			<xmin>492</xmin>
			<ymin>1030</ymin>
			<xmax>538</xmax>
			<ymax>1076</ymax>
		</bndbox>
	</object>
	<object>
		<name>direction_offroad</name>
		<pose>Unspecified</pose>
		<truncated>0</truncated>
		<difficult>0</difficult>
		<bndbox>
			<xmin>580</xmin>
			<ymin>1030</ymin>
			<xmax>631</xmax>
			<ymax>1078</ymax>
		</bndbox>
	</object>
	<object>
		<name>direction_unknown</name>
		<pose>Unspecified</pose>
		<truncated>0</truncated>
		<difficult>0</difficult>
		<bndbox>
			<xmin>700</xmin>
			<ymin>1031</ymin>
			<xmax>752</xmax>
			<ymax>1076</ymax>
		</bndbox>
	</object>
	<object>
		<name>street_road_highway</name>
		<pose>Unspecified</pose>
		<truncated>0</truncated>
		<difficult>0</difficult>
		<bndbox>
			<xmin>912</xmin>
			<ymin>988</ymin>
			<xmax>1822</xmax>
			<ymax>1094</ymax>
		</bndbox>
	</object>
	<object>
		<name>est_speed</name>
		<pose>Unspecified</pose>
		<truncated>0</truncated>
		<difficult>0</difficult>
		<bndbox>
			<xmin>1818</xmin>
			<ymin>989</ymin>
			<xmax>1997</xmax>
			<ymax>1094</ymax>
		</bndbox>
	</object>
	<object>
		<name>posted_speed</name>
		<pose>Unspecified</pose>
		<truncated>0</truncated>
		<difficult>0</difficult>
		<bndbox>
			<xmin>1993</xmin>
			<ymin>988</ymin>
			<xmax>2193</xmax>
			<ymax>1093</ymax>
		</bndbox>
	</object>
	<object>
		<name>total_lanes</name>
		<pose>Unspecified</pose>
		<truncated>0</truncated>
		<difficult>0</difficult>
		<bndbox>
			<xmin>2194</xmin>
			<ymin>987</ymin>
			<xmax>2371</xmax>
			<ymax>1093</ymax>
		</bndbox>
	</object>
	<object>
		<name>axles_trailer2</name>
		<pose>Unspecified</pose>
		<truncated>0</truncated>
		<difficult>0</difficult>
		<bndbox>
			<xmin>2231</xmin>
			<ymin>884</ymin>
			<xmax>2371</xmax>
			<ymax>985</ymax>
		</bndbox>
	</object>
	<object>
		<name>axles_trailer1</name>
		<pose>Unspecified</pose>
		<truncated>0</truncated>
		<difficult>0</difficult>
		<bndbox>
			<xmin>2229</xmin>
			<ymin>778</ymin>
			<xmax>2372</xmax>
			<ymax>883</ymax>
		</bndbox>
	</object>
	<object>
		<name>length_trailer1</name>
		<pose>Unspecified</pose>
		<truncated>0</truncated>
		<difficult>0</difficult>
		<bndbox>
			<xmin>2085</xmin>
			<ymin>779</ymin>
			<xmax>2233</xmax>
			<ymax>880</ymax>
		</bndbox>
	</object>
	<object>
		<name>length_trailer2</name>
		<pose>Unspecified</pose>
		<truncated>0</truncated>
		<difficult>0</difficult>
		<bndbox>
			<xmin>2087</xmin>
			<ymin>882</ymin>
			<xmax>2234</xmax>
			<ymax>988</ymax>
		</bndbox>
	</object>
	<object>
		<name>make_trailer1</name>
		<pose>Unspecified</pose>
		<truncated>0</truncated>
		<difficult>0</difficult>
		<bndbox>
			<xmin>1875</xmin>
			<ymin>776</ymin>
			<xmax>2085</xmax>
			<ymax>882</ymax>
		</bndbox>
	</object>
	<object>
		<name>make_trailer2</name>
		<pose>Unspecified</pose>
		<truncated>0</truncated>
		<difficult>0</difficult>
		<bndbox>
			<xmin>1874</xmin>
			<ymin>883</ymin>
			<xmax>2085</xmax>
			<ymax>988</ymax>
		</bndbox>
	</object>
	<object>
		<name>year_trailer1</name>
		<pose>Unspecified</pose>
		<truncated>0</truncated>
		<difficult>0</difficult>
		<bndbox>
			<xmin>1722</xmin>
			<ymin>779</ymin>
			<xmax>1874</xmax>
			<ymax>882</ymax>
		</bndbox>
	</object>
	<object>
		<name>year_trailer2</name>
		<pose>Unspecified</pose>
		<truncated>0</truncated>
		<difficult>0</difficult>
		<bndbox>
			<xmin>1722</xmin>
			<ymin>882</ymin>
			<xmax>1873</xmax>
			<ymax>987</ymax>
		</bndbox>
	</object>
	<object>
		<name>rotation</name>
		<pose>Unspecified</pose>
		<truncated>0</truncated>
		<difficult>0</difficult>
		<bndbox>
			<xmin>2274</xmin>
			<ymin>575</ymin>
			<xmax>2351</xmax>
			<ymax>653</ymax>
		</bndbox>
	</object>
	<object>
		<name>removed</name>
		<pose>Unspecified</pose>
		<truncated>0</truncated>
		<difficult>0</difficult>
		<bndbox>
			<xmin>1525</xmin>
			<ymin>567</ymin>
			<xmax>2013</xmax>
			<ymax>674</ymax>
		</bndbox>
	</object>
	<object>
		<name>towed</name>
		<pose>Unspecified</pose>
		<truncated>0</truncated>
		<difficult>0</difficult>
		<bndbox>
			<xmin>1424</xmin>
			<ymin>582</ymin>
			<xmax>1506</xmax>
			<ymax>662</ymax>
		</bndbox>
	</object>
	<object>
		<name>trailer1</name>
		<pose>Unspecified</pose>
		<truncated>0</truncated>
		<difficult>0</difficult>
		<bndbox>
			<xmin>120</xmin>
			<ymin>775</ymin>
			<xmax>255</xmax>
			<ymax>883</ymax>
		</bndbox>
	</object>
	<object>
		<name>trailer2</name>
		<pose>Unspecified</pose>
		<truncated>0</truncated>
		<difficult>0</difficult>
		<bndbox>
			<xmin>122</xmin>
			<ymin>883</ymin>
			<xmax>255</xmax>
			<ymax>983</ymax>
		</bndbox>
	</object>
	<object>
		<name>license_number_trailer1</name>
		<pose>Unspecified</pose>
		<truncated>0</truncated>
		<difficult>0</difficult>
		<bndbox>
			<xmin>257</xmin>
			<ymin>772</ymin>
			<xmax>490</xmax>
			<ymax>883</ymax>
		</bndbox>
	</object>
	<object>
		<name>license_number_trailer2</name>
		<pose>Unspecified</pose>
		<truncated>0</truncated>
		<difficult>0</difficult>
		<bndbox>
			<xmin>249</xmin>
			<ymin>889</ymin>
			<xmax>486</xmax>
			<ymax>993</ymax>
		</bndbox>
	</object>
	<object>
		<name>state_trailer1</name>
		<pose>Unspecified</pose>
		<truncated>0</truncated>
		<difficult>0</difficult>
		<bndbox>
			<xmin>488</xmin>
			<ymin>775</ymin>
			<xmax>620</xmax>
			<ymax>883</ymax>
		</bndbox>
	</object>
	<object>
		<name>state_trailer2</name>
		<pose>Unspecified</pose>
		<truncated>0</truncated>
		<difficult>0</difficult>
		<bndbox>
			<xmin>490</xmin>
			<ymin>885</ymin>
			<xmax>624</xmax>
			<ymax>985</ymax>
		</bndbox>
	</object>
	<object>
		<name>registration_expires_trailer1</name>
		<pose>Unspecified</pose>
		<truncated>0</truncated>
		<difficult>0</difficult>
		<bndbox>
			<xmin>622</xmin>
			<ymin>777</ymin>
			<xmax>912</xmax>
			<ymax>887</ymax>
		</bndbox>
	</object>
	<object>
		<name>registration_expires_trailer2</name>
		<pose>Unspecified</pose>
		<truncated>0</truncated>
		<difficult>0</difficult>
		<bndbox>
			<xmin>622</xmin>
			<ymin>883</ymin>
			<xmax>912</xmax>
			<ymax>985</ymax>
		</bndbox>
	</object>
	<object>
		<name>check_permanent_registration_trailer1</name>
		<pose>Unspecified</pose>
		<truncated>0</truncated>
		<difficult>0</difficult>
		<bndbox>
			<xmin>1071</xmin>
			<ymin>815</ymin>
			<xmax>1131</xmax>
			<ymax>877</ymax>
		</bndbox>
	</object>
	<object>
		<name>check_permanent_registration_trailer2</name>
		<pose>Unspecified</pose>
		<truncated>0</truncated>
		<difficult>0</difficult>
		<bndbox>
			<xmin>1069</xmin>
			<ymin>916</ymin>
			<xmax>1131</xmax>
			<ymax>979</ymax>
		</bndbox>
	</object>
	<object>
		<name>vin_trailer1</name>
		<pose>Unspecified</pose>
		<truncated>0</truncated>
		<difficult>0</difficult>
		<bndbox>
			<xmin>1153</xmin>
			<ymin>772</ymin>
			<xmax>1724</xmax>
			<ymax>879</ymax>
		</bndbox>
	</object>
	<object>
		<name>vin_trailer2</name>
		<pose>Unspecified</pose>
		<truncated>0</truncated>
		<difficult>0</difficult>
		<bndbox>
			<xmin>1166</xmin>
			<ymin>882</ymin>
			<xmax>1722</xmax>
			<ymax>987</ymax>
		</bndbox>
	</object>
	<object>
		<name>owner_details</name>
		<pose>Unspecified</pose>
		<truncated>0</truncated>
		<difficult>0</difficult>
		<bndbox>
			<xmin>121</xmin>
			<ymin>672</ymin>
			<xmax>2370</xmax>
			<ymax>783</ymax>
		</bndbox>
	</object>
	<object>
		<name>insurance_company</name>
		<pose>Unspecified</pose>
		<truncated>0</truncated>
		<difficult>0</difficult>
		<bndbox>
			<xmin>118</xmin>
			<ymin>572</ymin>
			<xmax>818</xmax>
			<ymax>674</ymax>
		</bndbox>
	</object>
	<object>
		<name>insurance_policy_no</name>
		<pose>Unspecified</pose>
		<truncated>0</truncated>
		<difficult>0</difficult>
		<bndbox>
			<xmin>818</xmin>
			<ymin>572</ymin>
			<xmax>1249</xmax>
			<ymax>672</ymax>
		</bndbox>
	</object>
	<object>
		<name>hit_run</name>
		<pose>Unspecified</pose>
		<truncated>0</truncated>
		<difficult>0</difficult>
		<bndbox>
			<xmin>305</xmin>
			<ymin>472</ymin>
			<xmax>382</xmax>
			<ymax>554</ymax>
		</bndbox>
	</object>
	<object>
		<name>year</name>
		<pose>Unspecified</pose>
		<truncated>0</truncated>
		<difficult>0</difficult>
		<bndbox>
			<xmin>410</xmin>
			<ymin>459</ymin>
			<xmax>687</xmax>
			<ymax>574</ymax>
		</bndbox>
	</object>
	<object>
		<name>make</name>
		<pose>Unspecified</pose>
		<truncated>0</truncated>
		<difficult>0</difficult>
		<bndbox>
			<xmin>682</xmin>
			<ymin>459</ymin>
			<xmax>949</xmax>
			<ymax>567</ymax>
		</bndbox>
	</object>
	<object>
		<name>model</name>
		<pose>Unspecified</pose>
		<truncated>0</truncated>
		<difficult>0</difficult>
		<bndbox>
			<xmin>946</xmin>
			<ymin>459</ymin>
			<xmax>1218</xmax>
			<ymax>567</ymax>
		</bndbox>
	</object>
	<object>
		<name>style</name>
		<pose>Unspecified</pose>
		<truncated>0</truncated>
		<difficult>0</difficult>
		<bndbox>
			<xmin>1207</xmin>
			<ymin>462</ymin>
			<xmax>1474</xmax>
			<ymax>569</ymax>
		</bndbox>
	</object>
	<object>
		<name>color</name>
		<pose>Unspecified</pose>
		<truncated>0</truncated>
		<difficult>0</difficult>
		<bndbox>
			<xmin>1479</xmin>
			<ymin>454</ymin>
			<xmax>1746</xmax>
			<ymax>572</ymax>
		</bndbox>
	</object>
	<object>
		<name>damage</name>
		<pose>Unspecified</pose>
		<truncated>0</truncated>
		<difficult>0</difficult>
		<bndbox>
			<xmin>2066</xmin>
			<ymin>474</ymin>
			<xmax>2146</xmax>
			<ymax>556</ymax>
		</bndbox>
	</object>
	<object>
		<name>est_amount</name>
		<pose>Unspecified</pose>
		<truncated>0</truncated>
		<difficult>0</difficult>
		<bndbox>
			<xmin>2169</xmin>
			<ymin>464</ymin>
			<xmax>2369</xmax>
			<ymax>567</ymax>
		</bndbox>
	</object>
	<object>
		<name>hsmv_crash_report_no</name>
		<pose>Unspecified</pose>
		<truncated>0</truncated>
		<difficult>0</difficult>
		<bndbox>
			<xmin>1741</xmin>
			<ymin>254</ymin>
			<xmax>2369</xmax>
			<ymax>364</ymax>
		</bndbox>
	</object>
	<object>
		<name>VIN</name>
		<pose>Unspecified</pose>
		<truncated>0</truncated>
		<difficult>0</difficult>
		<bndbox>
			<xmin>1592</xmin>
			<ymin>356</ymin>
			<xmax>2369</xmax>
			<ymax>467</ymax>
		</bndbox>
	</object>
	<object>
		<name>check_permanent_registration</name>
		<pose>Unspecified</pose>
		<truncated>0</truncated>
		<difficult>0</difficult>
		<bndbox>
			<xmin>1506</xmin>
			<ymin>393</ymin>
			<xmax>1567</xmax>
			<ymax>455</ymax>
		</bndbox>
	</object>
	<object>
		<name>registration_expires</name>
		<pose>Unspecified</pose>
		<truncated>0</truncated>
		<difficult>0</difficult>
		<bndbox>
			<xmin>1066</xmin>
			<ymin>351</ymin>
			<xmax>1349</xmax>
			<ymax>464</ymax>
		</bndbox>
	</object>
	<object>
		<name>state</name>
		<pose>Unspecified</pose>
		<truncated>0</truncated>
		<difficult>0</difficult>
		<bndbox>
			<xmin>963</xmin>
			<ymin>351</ymin>
			<xmax>1069</xmax>
			<ymax>459</ymax>
		</bndbox>
	</object>
	<object>
		<name>type</name>
		<pose>Unspecified</pose>
		<truncated>0</truncated>
		<difficult>0</difficult>
		<bndbox>
			<xmin>407</xmin>
			<ymin>369</ymin>
			<xmax>495</xmax>
			<ymax>454</ymax>
		</bndbox>
	</object>
	<object>
		<name>license_no</name>
		<pose>Unspecified</pose>
		<truncated>0</truncated>
		<difficult>0</difficult>
		<bndbox>
			<xmin>510</xmin>
			<ymin>351</ymin>
			<xmax>964</xmax>
			<ymax>464</ymax>
		</bndbox>
	</object>
	<object>
		<name>no</name>
		<pose>Unspecified</pose>
		<truncated>0</truncated>
		<difficult>0</difficult>
		<bndbox>
			<xmin>395</xmin>
			<ymin>254</ymin>
			<xmax>479</xmax>
			<ymax>349</ymax>
		</bndbox>
	</object>
	<object>
		<name>check_if_commercial</name>
		<pose>Unspecified</pose>
		<truncated>0</truncated>
		<difficult>0</difficult>
		<bndbox>
			<xmin>990</xmin>
			<ymin>256</ymin>
			<xmax>1079</xmax>
			<ymax>356</ymax>
		</bndbox>
	</object>
	<object>
		<name>reporting_agency_case_number</name>
		<pose>Unspecified</pose>
		<truncated>0</truncated>
		<difficult>0</difficult>
		<bndbox>
			<xmin>1172</xmin>
			<ymin>246</ymin>
			<xmax>1743</xmax>
			<ymax>362</ymax>
		</bndbox>
	</object>
</annotation>
