<annotation>
	<folder>sample_annotated</folder>
	<filename>2931361412.jpg</filename>
	<path>/home/developer/Desktop/vehicle_saugata/sample_annotated/2931361412.jpg</path>
	<source>
		<database>Unknown</database>
	</source>
	<size>
		<width>2480</width>
		<height>3508</height>
		<depth>1</depth>
	</size>
	<segmented>0</segmented>
	<object>
		<name>no</name>
		<pose>Unspecified</pose>
		<truncated>0</truncated>
		<difficult>0</difficult>
		<bndbox>
			<xmin>402</xmin>
			<ymin>259</ymin>
			<xmax>485</xmax>
			<ymax>344</ymax>
		</bndbox>
	</object>
	<object>
		<name>check_if_commercial</name>
		<pose>Unspecified</pose>
		<truncated>0</truncated>
		<difficult>0</difficult>
		<bndbox>
			<xmin>993</xmin>
			<ymin>259</ymin>
			<xmax>1075</xmax>
			<ymax>346</ymax>
		</bndbox>
	</object>
	<object>
		<name>reporting_agency_case_number</name>
		<pose>Unspecified</pose>
		<truncated>0</truncated>
		<difficult>0</difficult>
		<bndbox>
			<xmin>1182</xmin>
			<ymin>252</ymin>
			<xmax>1742</xmax>
			<ymax>359</ymax>
		</bndbox>
	</object>
	<object>
		<name>hsmv_crash_report_no</name>
		<pose>Unspecified</pose>
		<truncated>0</truncated>
		<difficult>0</difficult>
		<bndbox>
			<xmin>1745</xmin>
			<ymin>251</ymin>
			<xmax>2369</xmax>
			<ymax>359</ymax>
		</bndbox>
	</object>
	<object>
		<name>type</name>
		<pose>Unspecified</pose>
		<truncated>0</truncated>
		<difficult>0</difficult>
		<bndbox>
			<xmin>407</xmin>
			<ymin>362</ymin>
			<xmax>493</xmax>
			<ymax>451</ymax>
		</bndbox>
	</object>
	<object>
		<name>license_no</name>
		<pose>Unspecified</pose>
		<truncated>0</truncated>
		<difficult>0</difficult>
		<bndbox>
			<xmin>510</xmin>
			<ymin>357</ymin>
			<xmax>960</xmax>
			<ymax>461</ymax>
		</bndbox>
	</object>
	<object>
		<name>state</name>
		<pose>Unspecified</pose>
		<truncated>0</truncated>
		<difficult>0</difficult>
		<bndbox>
			<xmin>962</xmin>
			<ymin>356</ymin>
			<xmax>1065</xmax>
			<ymax>462</ymax>
		</bndbox>
	</object>
	<object>
		<name>registration_expires</name>
		<pose>Unspecified</pose>
		<truncated>0</truncated>
		<difficult>0</difficult>
		<bndbox>
			<xmin>1070</xmin>
			<ymin>356</ymin>
			<xmax>1352</xmax>
			<ymax>462</ymax>
		</bndbox>
	</object>
	<object>
		<name>check_permanent_registration</name>
		<pose>Unspecified</pose>
		<truncated>0</truncated>
		<difficult>0</difficult>
		<bndbox>
			<xmin>1505</xmin>
			<ymin>396</ymin>
			<xmax>1558</xmax>
			<ymax>456</ymax>
		</bndbox>
	</object>
	<object>
		<name>VIN</name>
		<pose>Unspecified</pose>
		<truncated>0</truncated>
		<difficult>0</difficult>
		<bndbox>
			<xmin>1593</xmin>
			<ymin>352</ymin>
			<xmax>2367</xmax>
			<ymax>462</ymax>
		</bndbox>
	</object>
	<object>
		<name>hit_run</name>
		<pose>Unspecified</pose>
		<truncated>0</truncated>
		<difficult>0</difficult>
		<bndbox>
			<xmin>303</xmin>
			<ymin>472</ymin>
			<xmax>382</xmax>
			<ymax>554</ymax>
		</bndbox>
	</object>
	<object>
		<name>year</name>
		<pose>Unspecified</pose>
		<truncated>0</truncated>
		<difficult>0</difficult>
		<bndbox>
			<xmin>403</xmin>
			<ymin>464</ymin>
			<xmax>680</xmax>
			<ymax>566</ymax>
		</bndbox>
	</object>
	<object>
		<name>make</name>
		<pose>Unspecified</pose>
		<truncated>0</truncated>
		<difficult>0</difficult>
		<bndbox>
			<xmin>688</xmin>
			<ymin>461</ymin>
			<xmax>947</xmax>
			<ymax>569</ymax>
		</bndbox>
	</object>
	<object>
		<name>model</name>
		<pose>Unspecified</pose>
		<truncated>0</truncated>
		<difficult>0</difficult>
		<bndbox>
			<xmin>948</xmin>
			<ymin>466</ymin>
			<xmax>1210</xmax>
			<ymax>567</ymax>
		</bndbox>
	</object>
	<object>
		<name>style</name>
		<pose>Unspecified</pose>
		<truncated>0</truncated>
		<difficult>0</difficult>
		<bndbox>
			<xmin>1215</xmin>
			<ymin>464</ymin>
			<xmax>1475</xmax>
			<ymax>567</ymax>
		</bndbox>
	</object>
	<object>
		<name>color</name>
		<pose>Unspecified</pose>
		<truncated>0</truncated>
		<difficult>0</difficult>
		<bndbox>
			<xmin>1477</xmin>
			<ymin>462</ymin>
			<xmax>1740</xmax>
			<ymax>569</ymax>
		</bndbox>
	</object>
	<object>
		<name>damage</name>
		<pose>Unspecified</pose>
		<truncated>0</truncated>
		<difficult>0</difficult>
		<bndbox>
			<xmin>2063</xmin>
			<ymin>476</ymin>
			<xmax>2140</xmax>
			<ymax>559</ymax>
		</bndbox>
	</object>
	<object>
		<name>est_amount</name>
		<pose>Unspecified</pose>
		<truncated>0</truncated>
		<difficult>0</difficult>
		<bndbox>
			<xmin>2165</xmin>
			<ymin>461</ymin>
			<xmax>2367</xmax>
			<ymax>571</ymax>
		</bndbox>
	</object>
	<object>
		<name>insurance_company</name>
		<pose>Unspecified</pose>
		<truncated>0</truncated>
		<difficult>0</difficult>
		<bndbox>
			<xmin>123</xmin>
			<ymin>569</ymin>
			<xmax>820</xmax>
			<ymax>674</ymax>
		</bndbox>
	</object>
	<object>
		<name>insurance_policy_no</name>
		<pose>Unspecified</pose>
		<truncated>0</truncated>
		<difficult>0</difficult>
		<bndbox>
			<xmin>820</xmin>
			<ymin>571</ymin>
			<xmax>1248</xmax>
			<ymax>676</ymax>
		</bndbox>
	</object>
	<object>
		<name>towed</name>
		<pose>Unspecified</pose>
		<truncated>0</truncated>
		<difficult>0</difficult>
		<bndbox>
			<xmin>1423</xmin>
			<ymin>581</ymin>
			<xmax>1503</xmax>
			<ymax>666</ymax>
		</bndbox>
	</object>
	<object>
		<name>removed</name>
		<pose>Unspecified</pose>
		<truncated>0</truncated>
		<difficult>0</difficult>
		<bndbox>
			<xmin>1527</xmin>
			<ymin>569</ymin>
			<xmax>2012</xmax>
			<ymax>672</ymax>
		</bndbox>
	</object>
	<object>
		<name>rotation</name>
		<pose>Unspecified</pose>
		<truncated>0</truncated>
		<difficult>0</difficult>
		<bndbox>
			<xmin>2273</xmin>
			<ymin>575</ymin>
			<xmax>2348</xmax>
			<ymax>652</ymax>
		</bndbox>
	</object>
	<object>
		<name>owner_details</name>
		<pose>Unspecified</pose>
		<truncated>0</truncated>
		<difficult>0</difficult>
		<bndbox>
			<xmin>123</xmin>
			<ymin>680</ymin>
			<xmax>2367</xmax>
			<ymax>773</ymax>
		</bndbox>
	</object>
	<object>
		<name>trailer1</name>
		<pose>Unspecified</pose>
		<truncated>0</truncated>
		<difficult>0</difficult>
		<bndbox>
			<xmin>120</xmin>
			<ymin>775</ymin>
			<xmax>253</xmax>
			<ymax>880</ymax>
		</bndbox>
	</object>
	<object>
		<name>license_number_trailer1</name>
		<pose>Unspecified</pose>
		<truncated>0</truncated>
		<difficult>0</difficult>
		<bndbox>
			<xmin>253</xmin>
			<ymin>775</ymin>
			<xmax>486</xmax>
			<ymax>880</ymax>
		</bndbox>
	</object>
	<object>
		<name>state_trailer1</name>
		<pose>Unspecified</pose>
		<truncated>0</truncated>
		<difficult>0</difficult>
		<bndbox>
			<xmin>491</xmin>
			<ymin>775</ymin>
			<xmax>623</xmax>
			<ymax>880</ymax>
		</bndbox>
	</object>
	<object>
		<name>registration_expires_trailer1</name>
		<pose>Unspecified</pose>
		<truncated>0</truncated>
		<difficult>0</difficult>
		<bndbox>
			<xmin>621</xmin>
			<ymin>772</ymin>
			<xmax>911</xmax>
			<ymax>879</ymax>
		</bndbox>
	</object>
	<object>
		<name>check_permanent_registration_trailer1</name>
		<pose>Unspecified</pose>
		<truncated>0</truncated>
		<difficult>0</difficult>
		<bndbox>
			<xmin>1070</xmin>
			<ymin>813</ymin>
			<xmax>1127</xmax>
			<ymax>869</ymax>
		</bndbox>
	</object>
	<object>
		<name>vin_trailer1</name>
		<pose>Unspecified</pose>
		<truncated>0</truncated>
		<difficult>0</difficult>
		<bndbox>
			<xmin>1156</xmin>
			<ymin>776</ymin>
			<xmax>1721</xmax>
			<ymax>878</ymax>
		</bndbox>
	</object>
	<object>
		<name>year_trailer1</name>
		<pose>Unspecified</pose>
		<truncated>0</truncated>
		<difficult>0</difficult>
		<bndbox>
			<xmin>1719</xmin>
			<ymin>770</ymin>
			<xmax>1871</xmax>
			<ymax>877</ymax>
		</bndbox>
	</object>
	<object>
		<name>make_trailer1</name>
		<pose>Unspecified</pose>
		<truncated>0</truncated>
		<difficult>0</difficult>
		<bndbox>
			<xmin>1876</xmin>
			<ymin>775</ymin>
			<xmax>2080</xmax>
			<ymax>879</ymax>
		</bndbox>
	</object>
	<object>
		<name>length_trailer1</name>
		<pose>Unspecified</pose>
		<truncated>0</truncated>
		<difficult>0</difficult>
		<bndbox>
			<xmin>2086</xmin>
			<ymin>775</ymin>
			<xmax>2230</xmax>
			<ymax>880</ymax>
		</bndbox>
	</object>
	<object>
		<name>axles_trailer1</name>
		<pose>Unspecified</pose>
		<truncated>0</truncated>
		<difficult>0</difficult>
		<bndbox>
			<xmin>2226</xmin>
			<ymin>775</ymin>
			<xmax>2363</xmax>
			<ymax>883</ymax>
		</bndbox>
	</object>
	<object>
		<name>trailer2</name>
		<pose>Unspecified</pose>
		<truncated>0</truncated>
		<difficult>0</difficult>
		<bndbox>
			<xmin>123</xmin>
			<ymin>883</ymin>
			<xmax>256</xmax>
			<ymax>986</ymax>
		</bndbox>
	</object>
	<object>
		<name>license_number_trailer2</name>
		<pose>Unspecified</pose>
		<truncated>0</truncated>
		<difficult>0</difficult>
		<bndbox>
			<xmin>256</xmin>
			<ymin>883</ymin>
			<xmax>486</xmax>
			<ymax>986</ymax>
		</bndbox>
	</object>
	<object>
		<name>state_trailer2</name>
		<pose>Unspecified</pose>
		<truncated>0</truncated>
		<difficult>0</difficult>
		<bndbox>
			<xmin>490</xmin>
			<ymin>882</ymin>
			<xmax>621</xmax>
			<ymax>985</ymax>
		</bndbox>
	</object>
	<object>
		<name>registration_expires_trailer2</name>
		<pose>Unspecified</pose>
		<truncated>0</truncated>
		<difficult>0</difficult>
		<bndbox>
			<xmin>620</xmin>
			<ymin>882</ymin>
			<xmax>914</xmax>
			<ymax>986</ymax>
		</bndbox>
	</object>
	<object>
		<name>check_permanent_registration_trailer2</name>
		<pose>Unspecified</pose>
		<truncated>0</truncated>
		<difficult>0</difficult>
		<bndbox>
			<xmin>1071</xmin>
			<ymin>922</ymin>
			<xmax>1127</xmax>
			<ymax>982</ymax>
		</bndbox>
	</object>
	<object>
		<name>vin_trailer2</name>
		<pose>Unspecified</pose>
		<truncated>0</truncated>
		<difficult>0</difficult>
		<bndbox>
			<xmin>1154</xmin>
			<ymin>882</ymin>
			<xmax>1721</xmax>
			<ymax>989</ymax>
		</bndbox>
	</object>
	<object>
		<name>make_trailer2</name>
		<pose>Unspecified</pose>
		<truncated>0</truncated>
		<difficult>0</difficult>
		<bndbox>
			<xmin>1875</xmin>
			<ymin>882</ymin>
			<xmax>2079</xmax>
			<ymax>985</ymax>
		</bndbox>
	</object>
	<object>
		<name>length_trailer2</name>
		<pose>Unspecified</pose>
		<truncated>0</truncated>
		<difficult>0</difficult>
		<bndbox>
			<xmin>2083</xmin>
			<ymin>880</ymin>
			<xmax>2230</xmax>
			<ymax>985</ymax>
		</bndbox>
	</object>
	<object>
		<name>axles_trailer2</name>
		<pose>Unspecified</pose>
		<truncated>0</truncated>
		<difficult>0</difficult>
		<bndbox>
			<xmin>2227</xmin>
			<ymin>878</ymin>
			<xmax>2361</xmax>
			<ymax>981</ymax>
		</bndbox>
	</object>
	<object>
		<name>direction_north</name>
		<pose>Unspecified</pose>
		<truncated>0</truncated>
		<difficult>0</difficult>
		<bndbox>
			<xmin>273</xmin>
			<ymin>1030</ymin>
			<xmax>321</xmax>
			<ymax>1076</ymax>
		</bndbox>
	</object>
	<object>
		<name>direction_south</name>
		<pose>Unspecified</pose>
		<truncated>0</truncated>
		<difficult>0</difficult>
		<bndbox>
			<xmin>346</xmin>
			<ymin>1030</ymin>
			<xmax>391</xmax>
			<ymax>1078</ymax>
		</bndbox>
	</object>
	<object>
		<name>direction_east</name>
		<pose>Unspecified</pose>
		<truncated>0</truncated>
		<difficult>0</difficult>
		<bndbox>
			<xmin>419</xmin>
			<ymin>1030</ymin>
			<xmax>466</xmax>
			<ymax>1076</ymax>
		</bndbox>
	</object>
	<object>
		<name>direction_west</name>
		<pose>Unspecified</pose>
		<truncated>0</truncated>
		<difficult>0</difficult>
		<bndbox>
			<xmin>491</xmin>
			<ymin>1028</ymin>
			<xmax>537</xmax>
			<ymax>1075</ymax>
		</bndbox>
	</object>
	<object>
		<name>direction_offroad</name>
		<pose>Unspecified</pose>
		<truncated>0</truncated>
		<difficult>0</difficult>
		<bndbox>
			<xmin>583</xmin>
			<ymin>1029</ymin>
			<xmax>627</xmax>
			<ymax>1079</ymax>
		</bndbox>
	</object>
	<object>
		<name>direction_unknown</name>
		<pose>Unspecified</pose>
		<truncated>0</truncated>
		<difficult>0</difficult>
		<bndbox>
			<xmin>700</xmin>
			<ymin>1029</ymin>
			<xmax>749</xmax>
			<ymax>1078</ymax>
		</bndbox>
	</object>
	<object>
		<name>street_road_highway</name>
		<pose>Unspecified</pose>
		<truncated>0</truncated>
		<difficult>0</difficult>
		<bndbox>
			<xmin>914</xmin>
			<ymin>988</ymin>
			<xmax>1820</xmax>
			<ymax>1089</ymax>
		</bndbox>
	</object>
	<object>
		<name>est_speed</name>
		<pose>Unspecified</pose>
		<truncated>0</truncated>
		<difficult>0</difficult>
		<bndbox>
			<xmin>1817</xmin>
			<ymin>990</ymin>
			<xmax>1997</xmax>
			<ymax>1093</ymax>
		</bndbox>
	</object>
	<object>
		<name>posted_speed</name>
		<pose>Unspecified</pose>
		<truncated>0</truncated>
		<difficult>0</difficult>
		<bndbox>
			<xmin>1996</xmin>
			<ymin>990</ymin>
			<xmax>2193</xmax>
			<ymax>1096</ymax>
		</bndbox>
	</object>
	<object>
		<name>total_lanes</name>
		<pose>Unspecified</pose>
		<truncated>0</truncated>
		<difficult>0</difficult>
		<bndbox>
			<xmin>2194</xmin>
			<ymin>988</ymin>
			<xmax>2369</xmax>
			<ymax>1095</ymax>
		</bndbox>
	</object>
	<object>
		<name>released</name>
		<pose>Unspecified</pose>
		<truncated>0</truncated>
		<difficult>0</difficult>
		<bndbox>
			<xmin>323</xmin>
			<ymin>1120</ymin>
			<xmax>393</xmax>
			<ymax>1192</ymax>
		</bndbox>
	</object>
	<object>
		<name>placard</name>
		<pose>Unspecified</pose>
		<truncated>0</truncated>
		<difficult>0</difficult>
		<bndbox>
			<xmin>650</xmin>
			<ymin>1122</ymin>
			<xmax>720</xmax>
			<ymax>1190</ymax>
		</bndbox>
	</object>
	<object>
		<name>haz_mat_no</name>
		<pose>Unspecified</pose>
		<truncated>0</truncated>
		<difficult>0</difficult>
		<bndbox>
			<xmin>744</xmin>
			<ymin>1092</ymin>
			<xmax>1053</xmax>
			<ymax>1199</ymax>
		</bndbox>
	</object>
	<object>
		<name>haz_mat_class</name>
		<pose>Unspecified</pose>
		<truncated>0</truncated>
		<difficult>0</difficult>
		<bndbox>
			<xmin>1056</xmin>
			<ymin>1092</ymin>
			<xmax>1370</xmax>
			<ymax>1200</ymax>
		</bndbox>
	</object>
	<object>
		<name>motor_carrier_name</name>
		<pose>Unspecified</pose>
		<truncated>0</truncated>
		<difficult>0</difficult>
		<bndbox>
			<xmin>121</xmin>
			<ymin>1202</ymin>
			<xmax>943</xmax>
			<ymax>1305</ymax>
		</bndbox>
	</object>
	<object>
		<name>us_dot_no</name>
		<pose>Unspecified</pose>
		<truncated>0</truncated>
		<difficult>0</difficult>
		<bndbox>
			<xmin>947</xmin>
			<ymin>1199</ymin>
			<xmax>1371</xmax>
			<ymax>1308</ymax>
		</bndbox>
	</object>
	<object>
		<name>body_type</name>
		<pose>Unspecified</pose>
		<truncated>0</truncated>
		<difficult>0</difficult>
		<bndbox>
			<xmin>260</xmin>
			<ymin>1460</ymin>
			<xmax>343</xmax>
			<ymax>1552</ymax>
		</bndbox>
	</object>
	<object>
		<name>trafficway</name>
		<pose>Unspecified</pose>
		<truncated>0</truncated>
		<difficult>0</difficult>
		<bndbox>
			<xmin>817</xmin>
			<ymin>1429</ymin>
			<xmax>907</xmax>
			<ymax>1517</ymax>
		</bndbox>
	</object>
	<object>
		<name>motor_carrier_address</name>
		<pose>Unspecified</pose>
		<truncated>0</truncated>
		<difficult>0</difficult>
		<bndbox>
			<xmin>125</xmin>
			<ymin>1313</ymin>
			<xmax>1995</xmax>
			<ymax>1408</ymax>
		</bndbox>
	</object>
	<object>
		<name>phone_number</name>
		<pose>Unspecified</pose>
		<truncated>0</truncated>
		<difficult>0</difficult>
		<bndbox>
			<xmin>1995</xmin>
			<ymin>1313</ymin>
			<xmax>2368</xmax>
			<ymax>1410</ymax>
		</bndbox>
	</object>
	<object>
		<name>comm_motor_vehicle_config</name>
		<pose>Unspecified</pose>
		<truncated>0</truncated>
		<difficult>0</difficult>
		<bndbox>
			<xmin>1388</xmin>
			<ymin>1463</ymin>
			<xmax>1473</xmax>
			<ymax>1550</ymax>
		</bndbox>
	</object>
	<object>
		<name>cargo_body_type</name>
		<pose>Unspecified</pose>
		<truncated>0</truncated>
		<difficult>0</difficult>
		<bndbox>
			<xmin>1723</xmin>
			<ymin>1718</ymin>
			<xmax>1810</xmax>
			<ymax>1803</ymax>
		</bndbox>
	</object>
	<object>
		<name>trailer_type1</name>
		<pose>Unspecified</pose>
		<truncated>0</truncated>
		<difficult>0</difficult>
		<bndbox>
			<xmin>911</xmin>
			<ymin>1725</ymin>
			<xmax>996</xmax>
			<ymax>1810</ymax>
		</bndbox>
	</object>
	<object>
		<name>trailer_type2</name>
		<pose>Unspecified</pose>
		<truncated>0</truncated>
		<difficult>0</difficult>
		<bndbox>
			<xmin>1056</xmin>
			<ymin>1722</ymin>
			<xmax>1137</xmax>
			<ymax>1812</ymax>
		</bndbox>
	</object>
	<object>
		<name>comm_noncomm</name>
		<pose>Unspecified</pose>
		<truncated>0</truncated>
		<difficult>0</difficult>
		<bndbox>
			<xmin>223</xmin>
			<ymin>1795</ymin>
			<xmax>307</xmax>
			<ymax>1885</ymax>
		</bndbox>
	</object>
	<object>
		<name>comm_GVWR_GCWR</name>
		<pose>Unspecified</pose>
		<truncated>0</truncated>
		<difficult>0</difficult>
		<bndbox>
			<xmin>1183</xmin>
			<ymin>1882</ymin>
			<xmax>1267</xmax>
			<ymax>1965</ymax>
		</bndbox>
	</object>
	<object>
		<name>most_harmful_event</name>
		<pose>Unspecified</pose>
		<truncated>0</truncated>
		<difficult>0</difficult>
		<bndbox>
			<xmin>223</xmin>
			<ymin>1960</ymin>
			<xmax>311</xmax>
			<ymax>2053</ymax>
		</bndbox>
	</object>
	<object>
		<name>seq_of_events1</name>
		<pose>Unspecified</pose>
		<truncated>0</truncated>
		<difficult>0</difficult>
		<bndbox>
			<xmin>151</xmin>
			<ymin>2140</ymin>
			<xmax>233</xmax>
			<ymax>2226</ymax>
		</bndbox>
	</object>
	<object>
		<name>seq_of_events2</name>
		<pose>Unspecified</pose>
		<truncated>0</truncated>
		<difficult>0</difficult>
		<bndbox>
			<xmin>309</xmin>
			<ymin>2139</ymin>
			<xmax>393</xmax>
			<ymax>2225</ymax>
		</bndbox>
	</object>
	<object>
		<name>seq_of_events3</name>
		<pose>Unspecified</pose>
		<truncated>0</truncated>
		<difficult>0</difficult>
		<bndbox>
			<xmin>150</xmin>
			<ymin>2258</ymin>
			<xmax>236</xmax>
			<ymax>2349</ymax>
		</bndbox>
	</object>
	<object>
		<name>seq_of_events4</name>
		<pose>Unspecified</pose>
		<truncated>0</truncated>
		<difficult>0</difficult>
		<bndbox>
			<xmin>304</xmin>
			<ymin>2258</ymin>
			<xmax>390</xmax>
			<ymax>2350</ymax>
		</bndbox>
	</object>
	<object>
		<name>roadway_grade</name>
		<pose>Unspecified</pose>
		<truncated>0</truncated>
		<difficult>0</difficult>
		<bndbox>
			<xmin>153</xmin>
			<ymin>2429</ymin>
			<xmax>240</xmax>
			<ymax>2519</ymax>
		</bndbox>
	</object>
	<object>
		<name>roadway_alignment</name>
		<pose>Unspecified</pose>
		<truncated>0</truncated>
		<difficult>0</difficult>
		<bndbox>
			<xmin>466</xmin>
			<ymin>2458</ymin>
			<xmax>547</xmax>
			<ymax>2549</ymax>
		</bndbox>
	</object>
	<object>
		<name>vehicle_maneuver_action</name>
		<pose>Unspecified</pose>
		<truncated>0</truncated>
		<difficult>0</difficult>
		<bndbox>
			<xmin>794</xmin>
			<ymin>2379</ymin>
			<xmax>881</xmax>
			<ymax>2466</ymax>
		</bndbox>
	</object>
	<object>
		<name>special_func_motor</name>
		<pose>Unspecified</pose>
		<truncated>0</truncated>
		<difficult>0</difficult>
		<bndbox>
			<xmin>147</xmin>
			<ymin>2595</ymin>
			<xmax>231</xmax>
			<ymax>2685</ymax>
		</bndbox>
	</object>
	<object>
		<name>emergency_vehicle_use</name>
		<pose>Unspecified</pose>
		<truncated>0</truncated>
		<difficult>0</difficult>
		<bndbox>
			<xmin>2231</xmin>
			<ymin>2076</ymin>
			<xmax>2317</xmax>
			<ymax>2166</ymax>
		</bndbox>
	</object>
	<object>
		<name>traffic_control_device</name>
		<pose>Unspecified</pose>
		<truncated>0</truncated>
		<difficult>0</difficult>
		<bndbox>
			<xmin>1476</xmin>
			<ymin>2382</ymin>
			<xmax>1557</xmax>
			<ymax>2470</ymax>
		</bndbox>
	</object>
	<object>
		<name>defects1</name>
		<pose>Unspecified</pose>
		<truncated>0</truncated>
		<difficult>0</difficult>
		<bndbox>
			<xmin>1957</xmin>
			<ymin>2370</ymin>
			<xmax>2043</xmax>
			<ymax>2462</ymax>
		</bndbox>
	</object>
	<object>
		<name>defects2</name>
		<pose>Unspecified</pose>
		<truncated>0</truncated>
		<difficult>0</difficult>
		<bndbox>
			<xmin>2174</xmin>
			<ymin>2336</ymin>
			<xmax>2259</xmax>
			<ymax>2430</ymax>
		</bndbox>
	</object>
	<object>
		<name>person1</name>
		<pose>Unspecified</pose>
		<truncated>0</truncated>
		<difficult>0</difficult>
		<bndbox>
			<xmin>120</xmin>
			<ymin>2768</ymin>
			<xmax>260</xmax>
			<ymax>2872</ymax>
		</bndbox>
	</object>
	<object>
		<name>person2</name>
		<pose>Unspecified</pose>
		<truncated>0</truncated>
		<difficult>0</difficult>
		<bndbox>
			<xmin>120</xmin>
			<ymin>2873</ymin>
			<xmax>261</xmax>
			<ymax>2980</ymax>
		</bndbox>
	</object>
	<object>
		<name>person3</name>
		<pose>Unspecified</pose>
		<truncated>0</truncated>
		<difficult>0</difficult>
		<bndbox>
			<xmin>119</xmin>
			<ymin>2980</ymin>
			<xmax>259</xmax>
			<ymax>3088</ymax>
		</bndbox>
	</object>
	<object>
		<name>violator_name1</name>
		<pose>Unspecified</pose>
		<truncated>0</truncated>
		<difficult>0</difficult>
		<bndbox>
			<xmin>260</xmin>
			<ymin>2770</ymin>
			<xmax>926</xmax>
			<ymax>2875</ymax>
		</bndbox>
	</object>
	<object>
		<name>violator_name2</name>
		<pose>Unspecified</pose>
		<truncated>0</truncated>
		<difficult>0</difficult>
		<bndbox>
			<xmin>260</xmin>
			<ymin>2873</ymin>
			<xmax>929</xmax>
			<ymax>2980</ymax>
		</bndbox>
	</object>
	<object>
		<name>violator_name3</name>
		<pose>Unspecified</pose>
		<truncated>0</truncated>
		<difficult>0</difficult>
		<bndbox>
			<xmin>261</xmin>
			<ymin>2979</ymin>
			<xmax>926</xmax>
			<ymax>3085</ymax>
		</bndbox>
	</object>
	<object>
		<name>fl_statute_no1</name>
		<pose>Unspecified</pose>
		<truncated>0</truncated>
		<difficult>0</difficult>
		<bndbox>
			<xmin>926</xmin>
			<ymin>2768</ymin>
			<xmax>1384</xmax>
			<ymax>2873</ymax>
		</bndbox>
	</object>
	<object>
		<name>fl_statute_no2</name>
		<pose>Unspecified</pose>
		<truncated>0</truncated>
		<difficult>0</difficult>
		<bndbox>
			<xmin>929</xmin>
			<ymin>2872</ymin>
			<xmax>1381</xmax>
			<ymax>2980</ymax>
		</bndbox>
	</object>
	<object>
		<name>fl_statute_no3</name>
		<pose>Unspecified</pose>
		<truncated>0</truncated>
		<difficult>0</difficult>
		<bndbox>
			<xmin>927</xmin>
			<ymin>2979</ymin>
			<xmax>1384</xmax>
			<ymax>3088</ymax>
		</bndbox>
	</object>
	<object>
		<name>charge1</name>
		<pose>Unspecified</pose>
		<truncated>0</truncated>
		<difficult>0</difficult>
		<bndbox>
			<xmin>1384</xmin>
			<ymin>2766</ymin>
			<xmax>2013</xmax>
			<ymax>2872</ymax>
		</bndbox>
	</object>
	<object>
		<name>charge2</name>
		<pose>Unspecified</pose>
		<truncated>0</truncated>
		<difficult>0</difficult>
		<bndbox>
			<xmin>1384</xmin>
			<ymin>2872</ymin>
			<xmax>2011</xmax>
			<ymax>2979</ymax>
		</bndbox>
	</object>
	<object>
		<name>charge3</name>
		<pose>Unspecified</pose>
		<truncated>0</truncated>
		<difficult>0</difficult>
		<bndbox>
			<xmin>1385</xmin>
			<ymin>2985</ymin>
			<xmax>2016</xmax>
			<ymax>3089</ymax>
		</bndbox>
	</object>
	<object>
		<name>citation_no1</name>
		<pose>Unspecified</pose>
		<truncated>0</truncated>
		<difficult>0</difficult>
		<bndbox>
			<xmin>2013</xmin>
			<ymin>2769</ymin>
			<xmax>2369</xmax>
			<ymax>2875</ymax>
		</bndbox>
	</object>
	<object>
		<name>citation_no2</name>
		<pose>Unspecified</pose>
		<truncated>0</truncated>
		<difficult>0</difficult>
		<bndbox>
			<xmin>2014</xmin>
			<ymin>2873</ymin>
			<xmax>2366</xmax>
			<ymax>2979</ymax>
		</bndbox>
	</object>
	<object>
		<name>citation_no3</name>
		<pose>Unspecified</pose>
		<truncated>0</truncated>
		<difficult>0</difficult>
		<bndbox>
			<xmin>2016</xmin>
			<ymin>2976</ymin>
			<xmax>2371</xmax>
			<ymax>3081</ymax>
		</bndbox>
	</object>
	<object>
		<name>year_trailer2</name>
		<pose>Unspecified</pose>
		<truncated>0</truncated>
		<difficult>0</difficult>
		<bndbox>
			<xmin>1723</xmin>
			<ymin>885</ymin>
			<xmax>1870</xmax>
			<ymax>989</ymax>
		</bndbox>
	</object>
</annotation>
